,Unnamed: 0,mean_fit_time,std_fit_time,mean_score_time,std_score_time,param_warm_start,param_min_samples_leaf,param_max_leaf_nodes,param_max_depth,param_learning_rate,param_l2_regularization,param_early_stopping,params,split0_test_score,split1_test_score,split2_test_score,split3_test_score,split4_test_score,mean_test_score,std_test_score,rank_test_score
33,33,5.621744775772095,0.2797780487633111,0.3334161758422851,0.0319340700808481,True,15,45,9,0.2,0.1,True,"{'warm_start': True, 'min_samples_leaf': 15, 'max_leaf_nodes': 45, 'max_depth': 9, 'learning_rate': 0.2, 'l2_regularization': 0.1, 'early_stopping': True}",0.78825,0.7895,0.782,0.78475,0.78675,0.78625,0.0026504716561397,1
14,14,5.366959476470948,0.3874046848225624,0.3181203365325927,0.020915520977764,True,10,40,8,0.2,0.0,True,"{'warm_start': True, 'min_samples_leaf': 10, 'max_leaf_nodes': 40, 'max_depth': 8, 'learning_rate': 0.2, 'l2_regularization': 0.0, 'early_stopping': True}",0.7806875,0.785375,0.784625,0.7795,0.7816875,0.782375,0.0022648813434703,2
23,23,4.919686889648437,0.3391779144087025,0.3150036811828613,0.0257630194611337,False,20,30,7,0.2,0.1,False,"{'warm_start': False, 'min_samples_leaf': 20, 'max_leaf_nodes': 30, 'max_depth': 7, 'learning_rate': 0.2, 'l2_regularization': 0.1, 'early_stopping': False}",0.778125,0.77775,0.7768125,0.7741875,0.7745,0.776275,0.0016367841946939,3
39,39,4.478420543670654,0.2261002863904006,0.2868015766143799,0.0309999920878683,True,15,20,6,0.5,0.1,True,"{'warm_start': True, 'min_samples_leaf': 15, 'max_leaf_nodes': 20, 'max_depth': 6, 'learning_rate': 0.5, 'l2_regularization': 0.1, 'early_stopping': True}",0.77175,0.7751875,0.775875,0.7703125,0.771125,0.7728499999999999,0.0022467337403439,4
44,44,5.586734485626221,0.278118007468786,0.3565195083618164,0.0355741224004102,True,30,35,10,0.1,0.5,False,"{'warm_start': True, 'min_samples_leaf': 30, 'max_leaf_nodes': 35, 'max_depth': 10, 'learning_rate': 0.1, 'l2_regularization': 0.5, 'early_stopping': False}",0.7601875,0.76525,0.762,0.758875,0.761375,0.7615375,0.0021416990918427,5
22,22,5.450395679473877,0.2975797483465389,0.3757248401641845,0.0250177242312058,True,30,35,7,0.1,0.3,True,"{'warm_start': True, 'min_samples_leaf': 30, 'max_leaf_nodes': 35, 'max_depth': 7, 'learning_rate': 0.1, 'l2_regularization': 0.3, 'early_stopping': True}",0.7545625,0.758875,0.75675,0.755,0.7583125,0.7567,0.0017200109011282,6
28,28,5.278612375259399,0.3594848813397616,0.3337563991546631,0.0215851046421893,False,30,30,9,0.1,0.3,True,"{'warm_start': False, 'min_samples_leaf': 30, 'max_leaf_nodes': 30, 'max_depth': 9, 'learning_rate': 0.1, 'l2_regularization': 0.3, 'early_stopping': True}",0.75175,0.7598125,0.7585,0.7523125,0.756875,0.7558499999999999,0.0032587862004126,7
35,35,5.027645349502564,0.2632002156260993,0.3345701217651367,0.0274876844377896,True,25,25,8,0.1,0.4,False,"{'warm_start': True, 'min_samples_leaf': 25, 'max_leaf_nodes': 25, 'max_depth': 8, 'learning_rate': 0.1, 'l2_regularization': 0.4, 'early_stopping': False}",0.746625,0.7525625,0.750625,0.7453125,0.749875,0.7489999999999999,0.002658418232709,8
30,30,6.225780487060547,0.3497823147024841,0.4377443790435791,0.0398948126938742,True,15,45,7,0.05,0.0,True,"{'warm_start': True, 'min_samples_leaf': 15, 'max_leaf_nodes': 45, 'max_depth': 7, 'learning_rate': 0.05, 'l2_regularization': 0.0, 'early_stopping': True}",0.7410625,0.7439375,0.7414375,0.7420625,0.739625,0.741625,0.0014064583179035,9
2,2,6.261193704605103,0.5611038357749517,0.3991570949554443,0.0086354005919485,True,10,40,8,0.05,0.0,True,"{'warm_start': True, 'min_samples_leaf': 10, 'max_leaf_nodes': 40, 'max_depth': 8, 'learning_rate': 0.05, 'l2_regularization': 0.0, 'early_stopping': True}",0.737875,0.746,0.740125,0.741875,0.7405,0.7412749999999999,0.0026895631615561,10
21,21,3.895116758346558,0.1916551856712136,0.287822151184082,0.0330925946147009,True,30,45,3,0.5,0.2,True,"{'warm_start': True, 'min_samples_leaf': 30, 'max_leaf_nodes': 45, 'max_depth': 3, 'learning_rate': 0.5, 'l2_regularization': 0.2, 'early_stopping': True}",0.736,0.7406875,0.7393125,0.738,0.737625,0.738325,0.0015847909956836,11
46,46,4.748077774047852,0.2852243250938999,0.3550910472869873,0.0425688079259129,True,25,20,5,0.1,0.4,True,"{'warm_start': True, 'min_samples_leaf': 25, 'max_leaf_nodes': 20, 'max_depth': 5, 'learning_rate': 0.1, 'l2_regularization': 0.4, 'early_stopping': True}",0.7349375,0.7386875,0.7390625,0.7355625,0.7379375,0.7372375000000001,0.001674440204964,12
31,31,5.299089479446411,0.2578973060110124,0.3611061573028564,0.0262861998835373,True,10,35,5,0.05,0.0,False,"{'warm_start': True, 'min_samples_leaf': 10, 'max_leaf_nodes': 35, 'max_depth': 5, 'learning_rate': 0.05, 'l2_regularization': 0.0, 'early_stopping': False}",0.72425,0.7304375,0.7260625,0.72575,0.726,0.7264999999999999,0.0020770321374499,13
8,8,7.058032703399658,0.3467310972735934,0.4550498962402344,0.0204715500035074,False,10,40,9,0.02,0.1,True,"{'warm_start': False, 'min_samples_leaf': 10, 'max_leaf_nodes': 40, 'max_depth': 9, 'learning_rate': 0.02, 'l2_regularization': 0.1, 'early_stopping': True}",0.7215,0.727875,0.723875,0.7258125,0.7253125,0.7248750000000002,0.0021194781197266,14
7,7,6.662837934494019,0.2589530462952015,0.4434143543243408,0.0212036541737243,True,30,35,9,0.02,0.1,False,"{'warm_start': True, 'min_samples_leaf': 30, 'max_leaf_nodes': 35, 'max_depth': 9, 'learning_rate': 0.02, 'l2_regularization': 0.1, 'early_stopping': False}",0.7186875,0.724875,0.7213125,0.7221875,0.7245625,0.722325,0.0022708753818736,15
5,5,5.422216987609863,0.268069267816622,0.3804135799407959,0.0309466502332573,True,20,45,5,0.02,0.2,True,"{'warm_start': True, 'min_samples_leaf': 20, 'max_leaf_nodes': 45, 'max_depth': 5, 'learning_rate': 0.02, 'l2_regularization': 0.2, 'early_stopping': True}",0.7135,0.7189375,0.71475,0.716625,0.71825,0.7164125,0.0020515238238928,16
48,48,6.8317773818969725,0.2635985459685662,0.4562072277069092,0.0312955218107271,True,10,30,9,0.01,0.0,False,"{'warm_start': True, 'min_samples_leaf': 10, 'max_leaf_nodes': 30, 'max_depth': 9, 'learning_rate': 0.01, 'l2_regularization': 0.0, 'early_stopping': False}",0.71375,0.7184375,0.71775,0.7144375,0.7174375,0.7163625,0.0018929969624909,17
18,18,6.091402053833008,0.3762035947039816,0.392165994644165,0.0040716873776404,True,10,20,9,0.01,0.1,False,"{'warm_start': True, 'min_samples_leaf': 10, 'max_leaf_nodes': 20, 'max_depth': 9, 'learning_rate': 0.01, 'l2_regularization': 0.1, 'early_stopping': False}",0.710625,0.71675,0.7129375,0.7135,0.7146875,0.7137,0.0020176564375532,18
45,45,4.974785280227661,0.2871715613554785,0.3212006092071533,0.0274470693790159,False,20,45,4,0.02,0.0,False,"{'warm_start': False, 'min_samples_leaf': 20, 'max_leaf_nodes': 45, 'max_depth': 4, 'learning_rate': 0.02, 'l2_regularization': 0.0, 'early_stopping': False}",0.7096875,0.7141875,0.7124375,0.7119375,0.712375,0.712125,0.0014415703243338,19
12,12,3.2795974731445314,0.1958965292323387,0.2271304607391357,0.02798939375005,False,30,40,2,0.1,0.0,False,"{'warm_start': False, 'min_samples_leaf': 30, 'max_leaf_nodes': 40, 'max_depth': 2, 'learning_rate': 0.1, 'l2_regularization': 0.0, 'early_stopping': False}",0.701875,0.7070625,0.7035,0.7024375,0.7038125,0.7037374999999999,0.0018042484585001,20
43,43,3.656659984588623,0.15931195537214,0.239534044265747,0.0383407963057655,False,10,25,2,0.01,0.3,False,"{'warm_start': False, 'min_samples_leaf': 10, 'max_leaf_nodes': 25, 'max_depth': 2, 'learning_rate': 0.01, 'l2_regularization': 0.3, 'early_stopping': False}",0.6858125,0.67425,0.68,0.6839375,0.6796875,0.6807375,0.0039932364693316,21
47,47,2.86944694519043,0.1811301675692016,0.1757878303527832,0.0280981255976701,True,30,25,1,0.2,0.3,False,"{'warm_start': True, 'min_samples_leaf': 30, 'max_leaf_nodes': 25, 'max_depth': 1, 'learning_rate': 0.2, 'l2_regularization': 0.3, 'early_stopping': False}",0.678375,0.6785,0.68075,0.6771875,0.6790625,0.6787750000000001,0.0011609532721001,22
26,26,3.097956800460816,0.231662902030883,0.1772572040557861,0.0301289823912642,False,15,40,1,0.1,0.4,True,"{'warm_start': False, 'min_samples_leaf': 15, 'max_leaf_nodes': 40, 'max_depth': 1, 'learning_rate': 0.1, 'l2_regularization': 0.4, 'early_stopping': True}",0.6728125,0.677,0.672625,0.67475,0.6758125,0.6746000000000001,0.0016940152006401,23
16,16,4.832463169097901,0.3622707244697131,0.3121082305908203,0.0314624423213853,True,30,20,4,0.005,0.3,True,"{'warm_start': True, 'min_samples_leaf': 30, 'max_leaf_nodes': 20, 'max_depth': 4, 'learning_rate': 0.005, 'l2_regularization': 0.3, 'early_stopping': True}",0.6701875,0.669,0.6751875,0.669,0.6718125,0.6710375000000001,0.0023172586174184,24
25,25,4.2314153671264645,0.1741450836899288,0.2874555587768554,0.0344855382026316,True,30,40,3,0.005,0.4,False,"{'warm_start': True, 'min_samples_leaf': 30, 'max_leaf_nodes': 40, 'max_depth': 3, 'learning_rate': 0.005, 'l2_regularization': 0.4, 'early_stopping': False}",0.669125,0.6689375,0.673375,0.66675,0.66975,0.6695875,0.0021475276482504,25
40,40,4.271715259552002,0.1091329351331207,0.2848709106445312,0.035440806075073,True,10,25,3,0.005,0.1,True,"{'warm_start': True, 'min_samples_leaf': 10, 'max_leaf_nodes': 25, 'max_depth': 3, 'learning_rate': 0.005, 'l2_regularization': 0.1, 'early_stopping': True}",0.6691875,0.668625,0.6730625,0.667,0.669625,0.6695,0.0019909953540879,26
32,32,3.905418062210083,0.2226789066697882,0.2498164176940918,0.0520649136639039,False,10,35,2,0.005,0.2,True,"{'warm_start': False, 'min_samples_leaf': 10, 'max_leaf_nodes': 35, 'max_depth': 2, 'learning_rate': 0.005, 'l2_regularization': 0.2, 'early_stopping': True}",0.6290625,0.6295625,0.633,0.6265625,0.6305,0.6297375,0.0020876871173621,27
9,9,5.610664081573487,0.3429380326668672,0.3590444564819336,0.0287299497545475,False,15,35,5,0.002,0.2,False,"{'warm_start': False, 'min_samples_leaf': 15, 'max_leaf_nodes': 35, 'max_depth': 5, 'learning_rate': 0.002, 'l2_regularization': 0.2, 'early_stopping': False}",0.5743125,0.57775,0.5820625,0.57725,0.576875,0.57765,0.0025051821291075,28
1,1,5.6098816871643065,0.2645764182928724,0.411661434173584,0.033056086110613,False,10,25,6,0.002,0.0,True,"{'warm_start': False, 'min_samples_leaf': 10, 'max_leaf_nodes': 25, 'max_depth': 6, 'learning_rate': 0.002, 'l2_regularization': 0.0, 'early_stopping': True}",0.575875,0.57275,0.578,0.5765,0.5745625,0.5755374999999999,0.0017790446874657,29
42,42,3.080528736114502,0.1892993918738401,0.1614510059356689,0.0297337289187231,False,15,20,1,0.005,0.0,True,"{'warm_start': False, 'min_samples_leaf': 15, 'max_leaf_nodes': 20, 'max_depth': 1, 'learning_rate': 0.005, 'l2_regularization': 0.0, 'early_stopping': True}",0.5680625,0.5774375,0.571,0.5715625,0.572,0.5720125,0.0030417408666748,30
4,4,4.154746341705322,0.3548261594732826,0.2662562847137451,0.0223818316551156,False,25,20,3,0.002,0.1,True,"{'warm_start': False, 'min_samples_leaf': 25, 'max_leaf_nodes': 20, 'max_depth': 3, 'learning_rate': 0.002, 'l2_regularization': 0.1, 'early_stopping': True}",0.533,0.531,0.5379375,0.5360625,0.53675,0.53495,0.0025615547036906,31
0,0,7.132626628875732,1.3362002002544642,0.4397304534912109,0.0450179748350923,True,15,20,10,0.001,0.3,False,"{'warm_start': True, 'min_samples_leaf': 15, 'max_leaf_nodes': 20, 'max_depth': 10, 'learning_rate': 0.001, 'l2_regularization': 0.3, 'early_stopping': False}",0.5310625,0.531,0.531,0.531,0.531,0.5310125000000001,2.4999999999986147e-05,32
38,38,5.946608304977417,0.3569867109411302,0.4085501194000244,0.015022348442936,True,20,20,8,0.0002,0.4,False,"{'warm_start': True, 'min_samples_leaf': 20, 'max_leaf_nodes': 20, 'max_depth': 8, 'learning_rate': 0.0002, 'l2_regularization': 0.4, 'early_stopping': False}",0.5310625,0.531,0.531,0.531,0.531,0.5310125000000001,2.4999999999986147e-05,32
36,36,3.056031608581543,0.1934898092903207,0.1606654644012451,0.02576094744724,True,25,20,1,0.001,0.3,True,"{'warm_start': True, 'min_samples_leaf': 25, 'max_leaf_nodes': 20, 'max_depth': 1, 'learning_rate': 0.001, 'l2_regularization': 0.3, 'early_stopping': True}",0.5310625,0.531,0.531,0.531,0.531,0.5310125000000001,2.4999999999986147e-05,32
37,37,3.697215127944946,0.2763166919652173,0.252535343170166,0.0312337828779547,True,15,45,2,0.002,0.5,False,"{'warm_start': True, 'min_samples_leaf': 15, 'max_leaf_nodes': 45, 'max_depth': 2, 'learning_rate': 0.002, 'l2_regularization': 0.5, 'early_stopping': False}",0.5310625,0.531,0.531,0.531,0.531,0.5310125000000001,2.4999999999986147e-05,32
41,41,3.640087366104126,0.2251901652731485,0.22460618019104,0.0275413253235626,True,10,30,2,0.0001,0.1,False,"{'warm_start': True, 'min_samples_leaf': 10, 'max_leaf_nodes': 30, 'max_depth': 2, 'learning_rate': 0.0001, 'l2_regularization': 0.1, 'early_stopping': False}",0.5310625,0.531,0.531,0.531,0.531,0.5310125000000001,2.4999999999986147e-05,32
24,24,7.455518674850464,0.3282115260088745,0.47850022315979,0.0237197277018144,False,15,45,9,0.0005,0.1,True,"{'warm_start': False, 'min_samples_leaf': 15, 'max_leaf_nodes': 45, 'max_depth': 9, 'learning_rate': 0.0005, 'l2_regularization': 0.1, 'early_stopping': True}",0.5310625,0.531,0.531,0.531,0.531,0.5310125000000001,2.4999999999986147e-05,32
29,29,3.8325307369232178,0.2967115812218837,0.2457770347595214,0.0381707289947943,False,20,30,2,0.001,0.5,True,"{'warm_start': False, 'min_samples_leaf': 20, 'max_leaf_nodes': 30, 'max_depth': 2, 'learning_rate': 0.001, 'l2_regularization': 0.5, 'early_stopping': True}",0.5310625,0.531,0.531,0.531,0.531,0.5310125000000001,2.4999999999986147e-05,32
27,27,6.227395343780517,0.2478858758818371,0.4529019832611084,0.0387653582011874,True,10,25,8,0.001,0.3,True,"{'warm_start': True, 'min_samples_leaf': 10, 'max_leaf_nodes': 25, 'max_depth': 8, 'learning_rate': 0.001, 'l2_regularization': 0.3, 'early_stopping': True}",0.5310625,0.531,0.531,0.531,0.531,0.5310125000000001,2.4999999999986147e-05,32
20,20,4.637775468826294,0.2477528737419952,0.3137181282043457,0.0253424983664346,False,20,45,4,0.0001,0.3,False,"{'warm_start': False, 'min_samples_leaf': 20, 'max_leaf_nodes': 45, 'max_depth': 4, 'learning_rate': 0.0001, 'l2_regularization': 0.3, 'early_stopping': False}",0.5310625,0.531,0.531,0.531,0.531,0.5310125000000001,2.4999999999986147e-05,32
19,19,6.960953855514527,0.4155600396976293,0.4605109691619873,0.0299294180530526,True,10,40,8,0.001,0.1,True,"{'warm_start': True, 'min_samples_leaf': 10, 'max_leaf_nodes': 40, 'max_depth': 8, 'learning_rate': 0.001, 'l2_regularization': 0.1, 'early_stopping': True}",0.5310625,0.531,0.531,0.531,0.531,0.5310125000000001,2.4999999999986147e-05,32
17,17,4.154973745346069,0.2626326349289829,0.2596863269805908,0.0099559472645298,False,15,45,3,0.001,0.0,True,"{'warm_start': False, 'min_samples_leaf': 15, 'max_leaf_nodes': 45, 'max_depth': 3, 'learning_rate': 0.001, 'l2_regularization': 0.0, 'early_stopping': True}",0.5310625,0.531,0.531,0.531,0.531,0.5310125000000001,2.4999999999986147e-05,32
15,15,4.77446346282959,0.3197081794461846,0.3181670665740966,0.0279130969362296,True,10,25,4,0.0005,0.1,False,"{'warm_start': True, 'min_samples_leaf': 10, 'max_leaf_nodes': 25, 'max_depth': 4, 'learning_rate': 0.0005, 'l2_regularization': 0.1, 'early_stopping': False}",0.5310625,0.531,0.531,0.531,0.531,0.5310125000000001,2.4999999999986147e-05,32
13,13,6.744268846511841,0.3527567580498914,0.4356806755065918,0.0032085251211045,True,30,35,8,0.0005,0.0,True,"{'warm_start': True, 'min_samples_leaf': 30, 'max_leaf_nodes': 35, 'max_depth': 8, 'learning_rate': 0.0005, 'l2_regularization': 0.0, 'early_stopping': True}",0.5310625,0.531,0.531,0.531,0.531,0.5310125000000001,2.4999999999986147e-05,32
11,11,4.250017929077148,0.3762223318033264,0.2730605602264404,0.0124919977053971,True,15,20,3,0.0001,0.3,True,"{'warm_start': True, 'min_samples_leaf': 15, 'max_leaf_nodes': 20, 'max_depth': 3, 'learning_rate': 0.0001, 'l2_regularization': 0.3, 'early_stopping': True}",0.5310625,0.531,0.531,0.531,0.531,0.5310125000000001,2.4999999999986147e-05,32
10,10,3.019011306762695,0.1873046956351607,0.1575055599212646,0.0195094836594173,False,30,45,1,0.0005,0.5,True,"{'warm_start': False, 'min_samples_leaf': 30, 'max_leaf_nodes': 45, 'max_depth': 1, 'learning_rate': 0.0005, 'l2_regularization': 0.5, 'early_stopping': True}",0.5310625,0.531,0.531,0.531,0.531,0.5310125000000001,2.4999999999986147e-05,32
6,6,4.10450930595398,0.1689536966917627,0.2961201667785644,0.0506470183775459,True,10,20,3,0.0001,0.4,True,"{'warm_start': True, 'min_samples_leaf': 10, 'max_leaf_nodes': 20, 'max_depth': 3, 'learning_rate': 0.0001, 'l2_regularization': 0.4, 'early_stopping': True}",0.5310625,0.531,0.531,0.531,0.531,0.5310125000000001,2.4999999999986147e-05,32
3,3,5.490003776550293,0.3264461779595135,0.3550611972808838,0.0087413238855673,False,30,25,5,0.0002,0.5,False,"{'warm_start': False, 'min_samples_leaf': 30, 'max_leaf_nodes': 25, 'max_depth': 5, 'learning_rate': 0.0002, 'l2_regularization': 0.5, 'early_stopping': False}",0.5310625,0.531,0.531,0.531,0.531,0.5310125000000001,2.4999999999986147e-05,32
34,34,3.751952600479126,0.2254055420795414,0.2382530212402343,0.0385398303034296,False,10,35,2,0.001,0.1,True,"{'warm_start': False, 'min_samples_leaf': 10, 'max_leaf_nodes': 35, 'max_depth': 2, 'learning_rate': 0.001, 'l2_regularization': 0.1, 'early_stopping': True}",0.5310625,0.531,0.531,0.531,0.531,0.5310125000000001,2.4999999999986147e-05,32
49,49,4.310333204269409,0.1540511965348263,0.2977097511291504,0.0345014631693165,True,25,45,3,0.001,0.2,True,"{'warm_start': True, 'min_samples_leaf': 25, 'max_leaf_nodes': 45, 'max_depth': 3, 'learning_rate': 0.001, 'l2_regularization': 0.2, 'early_stopping': True}",0.5310625,0.531,0.531,0.531,0.531,0.5310125000000001,2.4999999999986147e-05,32
