,Unnamed: 0,mean_fit_time,std_fit_time,mean_score_time,std_score_time,param_n_estimators,param_max_features,param_max_depth,param_criterion,params,split0_test_score,split1_test_score,split2_test_score,split3_test_score,split4_test_score,mean_test_score,std_test_score,rank_test_score
21,21,34.16906771659851,0.596450249063663,0.7609432220458985,0.0623507442263875,150,sqrt,50,gini,"{'n_estimators': 150, 'max_features': 'sqrt', 'max_depth': 50, 'criterion': 'gini'}",0.8246875,0.8224375,0.821,0.824,0.822125,0.8228499999999999,0.0013279448407219,1
10,10,34.07861676216125,0.5646129679604652,0.7411872863769531,0.0285316506525369,150,log2,40,gini,"{'n_estimators': 150, 'max_features': 'log2', 'max_depth': 40, 'criterion': 'gini'}",0.8250625,0.8195625,0.818875,0.8251875,0.8216875,0.8220750000000001,0.0026576540406907,2
37,37,34.84529981613159,0.456574734014327,0.8493506431579589,0.0738000212847035,150,log2,50,gini,"{'n_estimators': 150, 'max_features': 'log2', 'max_depth': 50, 'criterion': 'gini'}",0.8243125,0.8190625,0.8191875,0.8240625,0.8206875,0.8214625,0.0022986409027945,3
34,34,27.95047335624695,0.1390274127737046,0.4788488388061523,0.006213460179623,100,log2,50,entropy,"{'n_estimators': 100, 'max_features': 'log2', 'max_depth': 50, 'criterion': 'entropy'}",0.825625,0.8194375,0.8189375,0.8235,0.8190625,0.8213125,0.0027423188180807,4
22,22,23.17769765853882,0.4600363395626507,0.522286319732666,0.0371295595811793,100,sqrt,40,gini,"{'n_estimators': 100, 'max_features': 'sqrt', 'max_depth': 40, 'criterion': 'gini'}",0.82325,0.818125,0.81825,0.8229375,0.81775,0.8200625,0.0024824383174612,5
44,44,11.320612668991089,0.3369634957207795,0.2053712844848632,0.0128483310390002,40,log2,40,entropy,"{'n_estimators': 40, 'max_features': 'log2', 'max_depth': 40, 'criterion': 'entropy'}",0.821875,0.81475,0.8159375,0.821125,0.815375,0.8178124999999999,0.0030434355587066,6
1,1,11.849023056030273,1.198318946927556,0.2040713787078857,0.0171327309369345,40,sqrt,50,log_loss,"{'n_estimators': 40, 'max_features': 'sqrt', 'max_depth': 50, 'criterion': 'log_loss'}",0.8166875,0.8155625,0.8144375,0.82075,0.81425,0.8163375,0.00237322301944,7
47,47,194.59093084335328,1.3631558954021694,0.6965861320495605,0.0526619715352861,150,,50,gini,"{'n_estimators': 150, 'max_features': None, 'max_depth': 50, 'criterion': 'gini'}",0.8193125,0.8155,0.8129375,0.8175625,0.811875,0.8154375,0.0027740426276465,8
7,7,191.8523431777954,0.6169947401540814,0.7202183723449707,0.0541295357177211,150,,40,gini,"{'n_estimators': 150, 'max_features': None, 'max_depth': 40, 'criterion': 'gini'}",0.8194375,0.8146875,0.8125,0.8161875,0.8105,0.8146625000000001,0.0030701689692914,9
35,35,128.7273660182953,1.2455339075149294,0.4431203365325927,0.0030015210383681,100,,40,gini,"{'n_estimators': 100, 'max_features': None, 'max_depth': 40, 'criterion': 'gini'}",0.8205625,0.8123125,0.8128125,0.8153125,0.8113125,0.8144625,0.0033226495451672,10
9,9,128.27416229248047,1.0080378968879378,0.4892672538757324,0.0417328889831852,100,,50,gini,"{'n_estimators': 100, 'max_features': None, 'max_depth': 50, 'criterion': 'gini'}",0.8190625,0.8133125,0.8104375,0.8151875,0.8115,0.8139,0.003046411823769,11
48,48,221.35170178413392,1.1505673223192685,0.6661552429199219,0.0533073758626664,150,,50,entropy,"{'n_estimators': 150, 'max_features': None, 'max_depth': 50, 'criterion': 'entropy'}",0.81825,0.81475,0.810375,0.8153125,0.809,0.8135375,0.0033887682127876,12
20,20,220.07259154319763,1.1906774888549332,0.6418509483337402,0.0537098466585191,150,,40,log_loss,"{'n_estimators': 150, 'max_features': None, 'max_depth': 40, 'criterion': 'log_loss'}",0.817,0.813625,0.80975,0.813875,0.810625,0.812975,0.0025828763036583,13
24,24,146.20767822265626,0.7613698171292815,0.4239967346191406,0.0289715128210703,100,,50,log_loss,"{'n_estimators': 100, 'max_features': None, 'max_depth': 50, 'criterion': 'log_loss'}",0.8173125,0.8125,0.8104375,0.8149375,0.8089375,0.8128249999999999,0.0030172421182265,14
25,25,51.23251037597656,0.5101097936980251,0.1857605934143066,0.0134545301426262,40,,40,gini,"{'n_estimators': 40, 'max_features': None, 'max_depth': 40, 'criterion': 'gini'}",0.813125,0.8069375,0.8070625,0.8125625,0.8104375,0.8100250000000001,0.0026278555896395,15
38,38,37.94798345565796,0.5702380337152327,0.6202087879180909,0.0410062169605256,150,log2,20,log_loss,"{'n_estimators': 150, 'max_features': 'log2', 'max_depth': 20, 'criterion': 'log_loss'}",0.808,0.8034375,0.8024375,0.808875,0.803375,0.8052250000000001,0.0026612379638055,16
15,15,30.66225552558899,0.2778174720378196,0.6165853977203369,0.0456968334254923,150,sqrt,20,gini,"{'n_estimators': 150, 'max_features': 'sqrt', 'max_depth': 20, 'criterion': 'gini'}",0.8089375,0.803,0.8031875,0.80725,0.80325,0.8051250000000001,0.0024833822702113,17
49,49,20.384292984008788,0.4440468498924693,0.4176032543182373,0.033708956165832,100,log2,20,gini,"{'n_estimators': 100, 'max_features': 'log2', 'max_depth': 20, 'criterion': 'gini'}",0.80875,0.8014375,0.8033125,0.8041875,0.8015,0.8038375,0.0026741236882388,18
43,43,25.626345014572145,0.3067455392748126,0.4241418361663818,0.0330933443249324,100,sqrt,20,entropy,"{'n_estimators': 100, 'max_features': 'sqrt', 'max_depth': 20, 'criterion': 'entropy'}",0.808625,0.8015,0.801625,0.8061875,0.8005,0.8036875,0.0031568378165499,19
4,4,25.362415742874145,0.5065957500246566,0.4263942718505859,0.0372490152492241,100,log2,20,log_loss,"{'n_estimators': 100, 'max_features': 'log2', 'max_depth': 20, 'criterion': 'log_loss'}",0.80675,0.7994375,0.8016875,0.8016875,0.801625,0.8022375,0.0024158978662186,20
16,16,2.305021572113037,0.3295005648622647,0.0559991359710693,0.0057582276876987,10,sqrt,40,gini,"{'n_estimators': 10, 'max_features': 'sqrt', 'max_depth': 40, 'criterion': 'gini'}",0.8000625,0.7955625,0.800375,0.8028125,0.7980625,0.799375,0.0024309206075065,21
40,40,8.319715309143067,0.5145954519936131,0.1707204341888427,0.0174976675930967,40,log2,20,gini,"{'n_estimators': 40, 'max_features': 'log2', 'max_depth': 20, 'criterion': 'gini'}",0.8016875,0.7969375,0.79725,0.8028125,0.7965,0.7990375000000001,0.0026577128324934,22
2,2,2.812529945373535,0.3293143058021394,0.0530963420867919,0.0049718055902671,10,sqrt,50,entropy,"{'n_estimators': 10, 'max_features': 'sqrt', 'max_depth': 50, 'criterion': 'entropy'}",0.807125,0.79225,0.8013125,0.80025,0.7919375,0.798575,0.0057872975126564,23
42,42,10.071351051330566,0.5798867060710117,0.1707676887512207,0.009606905547764,40,log2,20,entropy,"{'n_estimators': 40, 'max_features': 'log2', 'max_depth': 20, 'criterion': 'entropy'}",0.802125,0.795375,0.7980625,0.8006875,0.7961875,0.7984875,0.0025779715863445,24
5,5,14.684472942352295,0.0807471376893344,0.0436638832092285,0.0003626301161351,10,,40,log_loss,"{'n_estimators': 10, 'max_features': None, 'max_depth': 40, 'criterion': 'log_loss'}",0.7961875,0.7933125,0.7900625,0.795375,0.786,0.7921875,0.0037477076326736,25
6,6,13.940798473358154,0.0715472910407995,0.0401660919189453,0.0010833216939128,10,,20,entropy,"{'n_estimators': 10, 'max_features': None, 'max_depth': 20, 'criterion': 'entropy'}",0.7891875,0.78025,0.7834375,0.783875,0.7855625,0.7844625000000001,0.002921525714417,26
18,18,2.572460985183716,0.3178367211516593,0.0436091423034668,0.0028057356093498,10,log2,20,log_loss,"{'n_estimators': 10, 'max_features': 'log2', 'max_depth': 20, 'criterion': 'log_loss'}",0.7871875,0.7790625,0.7815,0.7828125,0.774,0.7809125,0.0043482395863153,27
26,26,28.231800985336303,0.1407265115703393,0.0826932907104492,0.0007133999655432,40,,10,gini,"{'n_estimators': 40, 'max_features': None, 'max_depth': 10, 'criterion': 'gini'}",0.7388125,0.726,0.730125,0.730625,0.728875,0.7308874999999999,0.004275365481453,28
8,8,18.482140731811523,0.5205001034624857,0.3027469635009766,0.0044404807832263,150,sqrt,10,gini,"{'n_estimators': 150, 'max_features': 'sqrt', 'max_depth': 10, 'criterion': 'gini'}",0.7335625,0.7249375,0.7288125,0.7289375,0.729125,0.7290749999999999,0.0027330157335807,29
30,30,12.44403748512268,0.256188839775578,0.2286525726318359,0.0246450632829648,100,log2,10,gini,"{'n_estimators': 100, 'max_features': 'log2', 'max_depth': 10, 'criterion': 'gini'}",0.7306875,0.7238125,0.72975,0.7305,0.7281875,0.7285875,0.0025447863368071,30
36,36,5.134332132339478,0.6131158613006301,0.0841956138610839,0.001477324906391,40,log2,10,gini,"{'n_estimators': 40, 'max_features': 'log2', 'max_depth': 10, 'criterion': 'gini'}",0.733375,0.7243125,0.727,0.7285,0.7184375,0.7263249999999999,0.0049224295322533,31
17,17,22.55737223625183,0.5376997743045105,0.3149808406829834,0.0239316232434016,150,sqrt,10,entropy,"{'n_estimators': 150, 'max_features': 'sqrt', 'max_depth': 10, 'criterion': 'entropy'}",0.7288125,0.7185,0.7235,0.724,0.7244375,0.7238500000000001,0.0032783856545561,32
46,46,58.93604326248169,0.2690678237007441,0.2250442028045654,0.0275634707572003,150,,5,gini,"{'n_estimators': 150, 'max_features': None, 'max_depth': 5, 'criterion': 'gini'}",0.713375,0.7049375,0.70625,0.7090625,0.7045,0.707625,0.0032865730632377,33
27,27,4.812310981750488,0.5909894596819263,0.0191649913787841,0.0023094652089579,10,,5,entropy,"{'n_estimators': 10, 'max_features': None, 'max_depth': 5, 'criterion': 'entropy'}",0.7120625,0.7039375,0.703875,0.707625,0.702875,0.706075,0.0034029858213045,34
41,41,11.041512823104858,0.3012013373460052,0.2210222721099853,0.0271411421337973,150,log2,5,gini,"{'n_estimators': 150, 'max_features': 'log2', 'max_depth': 5, 'criterion': 'gini'}",0.6675,0.6654375,0.656375,0.6728125,0.6648125,0.6653875,0.0053132205393715,35
11,11,8.40616192817688,0.6187268288608272,0.1477023124694824,0.0169552742306091,100,log2,5,entropy,"{'n_estimators': 100, 'max_features': 'log2', 'max_depth': 5, 'criterion': 'entropy'}",0.6670625,0.66575,0.6564375,0.665875,0.6645625,0.6639375,0.0038326312762904,36
19,19,8.372981309890747,0.5731439868228788,0.1467984199523925,0.0185410707378446,100,sqrt,5,entropy,"{'n_estimators': 100, 'max_features': 'sqrt', 'max_depth': 5, 'criterion': 'entropy'}",0.666625,0.66425,0.6570625,0.66575,0.664375,0.6636125,0.0033921785035578,37
0,0,14.84164113998413,3.69637574858047,0.2109814643859863,0.0059026128199598,150,sqrt,5,entropy,"{'n_estimators': 150, 'max_features': 'sqrt', 'max_depth': 5, 'criterion': 'entropy'}",0.668375,0.6643125,0.65525,0.666375,0.6626875,0.6634,0.0045025340087555,38
31,31,8.456912088394166,0.6169409978118363,0.1480578899383545,0.0207782885117972,100,sqrt,5,log_loss,"{'n_estimators': 100, 'max_features': 'sqrt', 'max_depth': 5, 'criterion': 'log_loss'}",0.666625,0.6608125,0.6595,0.6651875,0.664,0.663225,0.0026723702026478,39
3,3,8.501065397262574,0.5842103382443458,0.1581409454345703,0.0187087922305121,100,log2,5,log_loss,"{'n_estimators': 100, 'max_features': 'log2', 'max_depth': 5, 'criterion': 'log_loss'}",0.6665625,0.6609375,0.656,0.667375,0.6621875,0.6626125,0.0041229919354759,40
33,33,0.8043124675750732,0.0265700168215095,0.0170321941375732,0.0002175881885941,10,sqrt,5,log_loss,"{'n_estimators': 10, 'max_features': 'sqrt', 'max_depth': 5, 'criterion': 'log_loss'}",0.6595,0.6575625,0.6596875,0.6559375,0.6634375,0.659225,0.0025142096173549,41
32,32,7.051617002487182,0.5570137542817071,0.0481781005859375,0.0008414623155094,40,,2,gini,"{'n_estimators': 40, 'max_features': None, 'max_depth': 2, 'criterion': 'gini'}",0.65575,0.6434375,0.6455,0.64225,0.651625,0.6477125,0.0051559431726891,42
28,28,20.219253063201904,0.5171014955889945,0.120084810256958,0.0138366959091602,100,,2,entropy,"{'n_estimators': 100, 'max_features': None, 'max_depth': 2, 'criterion': 'entropy'}",0.6511875,0.6433125,0.6451875,0.6429375,0.6479375,0.6461125000000001,0.003093945700881,43
13,13,30.645686435699464,0.3081867256985143,0.1836451530456543,0.0198083759810793,150,,2,log_loss,"{'n_estimators': 150, 'max_features': None, 'max_depth': 2, 'criterion': 'log_loss'}",0.6506875,0.6429375,0.6451875,0.642625,0.6479375,0.645875,0.0030684890418575,44
29,29,2.126897859573364,0.3537172879139953,0.0150659084320068,0.0017418264647192,10,,2,entropy,"{'n_estimators': 10, 'max_features': None, 'max_depth': 2, 'criterion': 'entropy'}",0.65,0.643625,0.6451875,0.6423125,0.6479375,0.6458125000000001,0.0028098598719509,45
12,12,1.5147719383239746,0.0361519333445364,0.0486872673034668,0.0057013020501282,40,log2,2,entropy,"{'n_estimators': 40, 'max_features': 'log2', 'max_depth': 2, 'criterion': 'entropy'}",0.5934375,0.60175,0.6070625,0.6070625,0.5926875,0.6003999999999999,0.0063017358719641,46
23,23,0.4110982894897461,0.0204136746672383,0.013979148864746,0.00010145425211,10,log2,2,entropy,"{'n_estimators': 10, 'max_features': 'log2', 'max_depth': 2, 'criterion': 'entropy'}",0.59625,0.5815,0.6018125,0.6014375,0.615875,0.599375,0.0110609815342038,47
14,14,4.333363246917725,0.4965431385321162,0.1222609519958496,0.0148523918413345,100,sqrt,2,log_loss,"{'n_estimators': 100, 'max_features': 'sqrt', 'max_depth': 2, 'criterion': 'log_loss'}",0.5956875,0.602375,0.596125,0.60425,0.5941875,0.598525,0.0040055820426,48
45,45,6.3703320026397705,0.5180507624046461,0.1774760246276855,0.0186508628921007,150,log2,2,log_loss,"{'n_estimators': 150, 'max_features': 'log2', 'max_depth': 2, 'criterion': 'log_loss'}",0.5909375,0.5944375,0.5983125,0.6004375,0.5965,0.596125,0.0032643912143001,49
39,39,4.352086305618286,0.3631425454597048,0.1292029857635498,0.0171891693994396,100,log2,2,log_loss,"{'n_estimators': 100, 'max_features': 'log2', 'max_depth': 2, 'criterion': 'log_loss'}",0.590375,0.6005,0.596,0.59325,0.59525,0.5950750000000001,0.0033387872049593,50
