,mean_fit_time,std_fit_time,mean_score_time,std_score_time,param_weights,param_p,param_n_neighbors,param_algorithm,params,split0_test_score,split1_test_score,split2_test_score,split3_test_score,split4_test_score,mean_test_score,std_test_score,rank_test_score
0,0.005190706253051758,0.00021191727003650848,3.096104145050049,0.09328206355198379,distance,1,19,brute,"{'weights': 'distance', 'p': 1, 'n_neighbors': 19, 'algorithm': 'brute'}",0.7813125,0.781,0.7815625,0.7755,0.7799375,0.7798625,0.002250486058610469,15
1,0.03963203430175781,0.0022405590139911507,14.090171337127686,0.4970818811505862,distance,2,5,kd_tree,"{'weights': 'distance', 'p': 2, 'n_neighbors': 5, 'algorithm': 'kd_tree'}",0.761375,0.7601875,0.7555,0.7548125,0.7526875,0.7569125,0.003313466840033286,19
2,0.004819536209106445,0.00026525592652918903,2.9765757083892823,0.047522918744302624,uniform,1,5,brute,"{'weights': 'uniform', 'p': 1, 'n_neighbors': 5, 'algorithm': 'brute'}",0.79375,0.7913125,0.7911875,0.7848125,0.7911875,0.79045,0.002983391526434287,11
3,0.005050849914550781,0.00014297454690442342,0.8590931415557861,0.03544659838728769,uniform,2,13,brute,"{'weights': 'uniform', 'p': 2, 'n_neighbors': 13, 'algorithm': 'brute'}",0.7065,0.7025,0.701125,0.6985,0.69875,0.7014750000000001,0.0029223278392404997,46
4,0.004994249343872071,6.501139128102408e-05,3.254972505569458,0.06365260295179485,uniform,1,17,brute,"{'weights': 'uniform', 'p': 1, 'n_neighbors': 17, 'algorithm': 'brute'}",0.729125,0.7289375,0.726875,0.7245,0.7279375,0.727475,0.0016903217149406727,35
5,0.0051501750946044925,0.00018293493246862678,3.196277046203613,0.09496112624277364,uniform,1,19,brute,"{'weights': 'uniform', 'p': 1, 'n_neighbors': 19, 'algorithm': 'brute'}",0.724625,0.723375,0.7220625,0.718875,0.722625,0.7223125,0.0019210999453437854,39
6,0.0410402774810791,0.007513921398106285,20.01494665145874,0.4343650697244424,distance,2,19,kd_tree,"{'weights': 'distance', 'p': 2, 'n_neighbors': 19, 'algorithm': 'kd_tree'}",0.7246875,0.7191875,0.722625,0.7178125,0.7215,0.7211624999999999,0.002441375124801615,40
7,0.045120763778686526,0.002452270742826402,22.38899669647217,0.4515193102485348,uniform,2,9,ball_tree,"{'weights': 'uniform', 'p': 2, 'n_neighbors': 9, 'algorithm': 'ball_tree'}",0.7176875,0.7156875,0.716875,0.7121875,0.712125,0.7149125000000001,0.0023387363040753653,43
8,0.004880189895629883,0.00038689345814663535,2.9924087047576906,0.11498434978408997,uniform,1,7,brute,"{'weights': 'uniform', 'p': 1, 'n_neighbors': 7, 'algorithm': 'brute'}",0.7815,0.7818125,0.7755,0.7744375,0.777625,0.778175,0.003023708401946197,16
9,0.005023431777954101,4.430107193438185e-05,3.094706964492798,0.0742461734304504,distance,1,13,brute,"{'weights': 'distance', 'p': 1, 'n_neighbors': 13, 'algorithm': 'brute'}",0.7959375,0.79375,0.7933125,0.789125,0.7905625,0.7925375,0.0024156391493764156,9
10,0.005293369293212891,0.00028232408300662564,3.0528280258178713,0.09248306078094211,distance,1,9,brute,"{'weights': 'distance', 'p': 1, 'n_neighbors': 9, 'algorithm': 'brute'}",0.8084375,0.80475,0.801875,0.7975,0.800375,0.8025874999999999,0.0037465817754321223,5
11,0.039915943145751955,0.0018764781826129387,27.409906721115114,1.607092981004006,uniform,1,11,kd_tree,"{'weights': 'uniform', 'p': 1, 'n_neighbors': 11, 'algorithm': 'kd_tree'}",0.7545,0.7521875,0.749625,0.7460625,0.7471875,0.7499125,0.0031161374327843706,23
12,0.004789972305297851,0.0002180501090711588,0.6403794288635254,0.010185920364784358,distance,2,9,brute,"{'weights': 'distance', 'p': 2, 'n_neighbors': 9, 'algorithm': 'brute'}",0.74875,0.7473125,0.7505,0.74075,0.7456875,0.7465999999999999,0.0033285225701502946,26
13,0.004852771759033203,9.082177043873863e-05,0.7585288524627686,0.009982748393131936,uniform,2,11,brute,"{'weights': 'uniform', 'p': 2, 'n_neighbors': 11, 'algorithm': 'brute'}",0.7144375,0.7073125,0.7105625,0.705875,0.7045,0.7085375,0.0035721579612329303,45
14,0.0049895763397216795,0.00011373484872306337,0.7696504116058349,0.0043000491058155284,uniform,2,9,brute,"{'weights': 'uniform', 'p': 2, 'n_neighbors': 9, 'algorithm': 'brute'}",0.7176875,0.7156875,0.716875,0.7121875,0.712125,0.7149125000000001,0.0023387363040753653,43
15,0.0451472282409668,0.003071860773921268,20.763028812408447,1.8546093314055487,uniform,2,15,ball_tree,"{'weights': 'uniform', 'p': 2, 'n_neighbors': 15, 'algorithm': 'ball_tree'}",0.7009375,0.696875,0.6974375,0.6953125,0.6960625,0.697325,0.0019447043477094329,48
16,0.045699548721313474,0.001487657696448969,19.263987684249877,1.216748940857785,uniform,1,11,ball_tree,"{'weights': 'uniform', 'p': 1, 'n_neighbors': 11, 'algorithm': 'ball_tree'}",0.7545,0.7521875,0.749625,0.7460625,0.7471875,0.7499125,0.0031161374327843706,23
17,0.04388413429260254,0.0010717441081294168,19.6802818775177,0.07932210634968799,distance,2,5,ball_tree,"{'weights': 'distance', 'p': 2, 'n_neighbors': 5, 'algorithm': 'ball_tree'}",0.761375,0.7601875,0.7555,0.7548125,0.7526875,0.7569125,0.003313466840033286,19
18,0.045021677017211915,0.0011966330341043184,18.475448751449584,0.22683701980564636,uniform,1,13,ball_tree,"{'weights': 'uniform', 'p': 1, 'n_neighbors': 13, 'algorithm': 'ball_tree'}",0.744,0.7411875,0.741125,0.7398125,0.741375,0.7415,0.0013675936896607851,28
19,0.03846530914306641,0.0010027419404589045,18.431837940216063,0.22223542623692358,uniform,2,13,kd_tree,"{'weights': 'uniform', 'p': 2, 'n_neighbors': 13, 'algorithm': 'kd_tree'}",0.7065,0.7025,0.701125,0.6985,0.69875,0.7014750000000001,0.0029223278392404997,46
20,0.044647216796875,0.0013788358273058268,19.5735303401947,0.5038673982576024,distance,1,13,ball_tree,"{'weights': 'distance', 'p': 1, 'n_neighbors': 13, 'algorithm': 'ball_tree'}",0.7959375,0.79375,0.7933125,0.789125,0.7905625,0.7925375,0.0024156391493764156,9
21,0.0046999454498291016,0.00025638505721015613,2.9492141723632814,0.06818536535957923,distance,1,5,brute,"{'weights': 'distance', 'p': 1, 'n_neighbors': 5, 'algorithm': 'brute'}",0.8105625,0.80975,0.8054375,0.80225,0.806,0.8068,0.0030350556008086316,1
22,0.0385739803314209,0.0012279351217997273,19.49801802635193,0.31394320099972206,distance,2,17,kd_tree,"{'weights': 'distance', 'p': 2, 'n_neighbors': 17, 'algorithm': 'kd_tree'}",0.7261875,0.724875,0.7261875,0.72125,0.7261875,0.7249375,0.0019125408492369662,37
23,0.04477801322937012,0.0021021803640100313,19.669847440719604,0.24888384285793116,distance,1,15,ball_tree,"{'weights': 'distance', 'p': 1, 'n_neighbors': 15, 'algorithm': 'ball_tree'}",0.79075,0.7890625,0.789375,0.7834375,0.786625,0.78785,0.002575910033366839,12
24,0.04357004165649414,0.00037911879795469837,21.242081737518312,0.9114849792404116,uniform,2,7,ball_tree,"{'weights': 'uniform', 'p': 2, 'n_neighbors': 7, 'algorithm': 'ball_tree'}",0.725875,0.7265,0.724625,0.7210625,0.7229375,0.7242,0.001985651656257962,38
25,0.0378718376159668,0.00033823780920613105,25.67507839202881,0.5547812761160418,distance,1,11,kd_tree,"{'weights': 'distance', 'p': 1, 'n_neighbors': 11, 'algorithm': 'kd_tree'}",0.8011875,0.798375,0.798,0.793625,0.7950625,0.79725,0.0026554778289415316,7
26,0.03809657096862793,0.0006083411507628806,26.260965967178343,0.16989197866362646,distance,1,15,kd_tree,"{'weights': 'distance', 'p': 1, 'n_neighbors': 15, 'algorithm': 'kd_tree'}",0.79075,0.7890625,0.789375,0.7834375,0.786625,0.78785,0.002575910033366839,12
27,0.004671764373779297,0.00015146155693898495,0.757831621170044,0.01811823446872885,uniform,2,17,brute,"{'weights': 'uniform', 'p': 2, 'n_neighbors': 17, 'algorithm': 'brute'}",0.6976875,0.6928125,0.69425,0.6898125,0.6934375,0.6936,0.0025346350822159666,50
28,0.038672447204589844,0.000994579212920584,25.303712797164916,1.0425889072156578,distance,1,9,kd_tree,"{'weights': 'distance', 'p': 1, 'n_neighbors': 9, 'algorithm': 'kd_tree'}",0.8084375,0.80475,0.801875,0.7975,0.800375,0.8025874999999999,0.0037465817754321223,5
29,0.03763289451599121,0.00042841748605264665,24.860073375701905,1.467898353577026,uniform,1,13,kd_tree,"{'weights': 'uniform', 'p': 1, 'n_neighbors': 13, 'algorithm': 'kd_tree'}",0.744,0.7411875,0.741125,0.7398125,0.741375,0.7415,0.0013675936896607851,28
30,0.03830571174621582,0.002446924532444475,83.04747886657715,123.71039284867886,distance,1,7,kd_tree,"{'weights': 'distance', 'p': 1, 'n_neighbors': 7, 'algorithm': 'kd_tree'}",0.80925,0.8076875,0.8048125,0.7988125,0.8061875,0.80535,0.0035889587626496797,4
31,0.004734706878662109,0.00023263268884728914,3.052929162979126,0.188429063568805,distance,1,17,brute,"{'weights': 'distance', 'p': 1, 'n_neighbors': 17, 'algorithm': 'brute'}",0.7848125,0.785,0.7858125,0.7795,0.781875,0.7834,0.002362665338129823,14
32,0.004750633239746093,5.02167713746238e-05,2.918734836578369,0.05437989392917555,uniform,1,9,brute,"{'weights': 'uniform', 'p': 1, 'n_neighbors': 9, 'algorithm': 'brute'}",0.7671875,0.7659375,0.761,0.7580625,0.75975,0.7623875,0.0035561126950646705,17
33,0.038724660873413086,0.0019221739561808495,25.423644256591796,1.6530032601067453,uniform,1,9,kd_tree,"{'weights': 'uniform', 'p': 1, 'n_neighbors': 9, 'algorithm': 'kd_tree'}",0.7671875,0.7659375,0.761,0.7580625,0.75975,0.7623875,0.0035561126950646705,17
34,0.04240241050720215,0.00010827706732141895,20.22755069732666,1.569870192679704,distance,2,19,ball_tree,"{'weights': 'distance', 'p': 2, 'n_neighbors': 19, 'algorithm': 'ball_tree'}",0.7246875,0.7191875,0.722625,0.7178125,0.7215,0.7211624999999999,0.002441375124801615,40
35,0.004693746566772461,0.00019155107142933937,0.7460058212280274,0.01596428700619343,uniform,2,5,brute,"{'weights': 'uniform', 'p': 2, 'n_neighbors': 5, 'algorithm': 'brute'}",0.7396875,0.7355,0.7333125,0.7335625,0.7325625,0.7349249999999999,0.0025709920264365043,31
36,0.03917098045349121,0.0022698574479018503,27.087095260620117,1.958192524225834,uniform,1,17,kd_tree,"{'weights': 'uniform', 'p': 1, 'n_neighbors': 17, 'algorithm': 'kd_tree'}",0.729125,0.7289375,0.726875,0.7245,0.7279375,0.727475,0.0016903217149406727,35
37,0.0460087776184082,0.003117043378341878,19.642164850234984,1.0737505672541117,distance,1,11,ball_tree,"{'weights': 'distance', 'p': 1, 'n_neighbors': 11, 'algorithm': 'ball_tree'}",0.8011875,0.798375,0.798,0.793625,0.7950625,0.79725,0.0026554778289415316,7
38,0.004648256301879883,0.00016289649275629344,0.6376431941986084,0.023243728858187825,distance,2,5,brute,"{'weights': 'distance', 'p': 2, 'n_neighbors': 5, 'algorithm': 'brute'}",0.761375,0.7601875,0.7555,0.7548125,0.7526875,0.7569125,0.003313466840033286,19
39,0.044858884811401364,0.0010183450544930118,21.71565976142883,1.609182281144523,uniform,1,15,ball_tree,"{'weights': 'uniform', 'p': 1, 'n_neighbors': 15, 'algorithm': 'ball_tree'}",0.7356875,0.7355625,0.732625,0.73125,0.7336875,0.7337625000000001,0.0017063301263237722,33
40,0.044529390335083005,0.003510864111776869,20.708821058273315,1.7270933008747886,distance,2,9,ball_tree,"{'weights': 'distance', 'p': 2, 'n_neighbors': 9, 'algorithm': 'ball_tree'}",0.74875,0.7473125,0.7505,0.74075,0.7456875,0.7465999999999999,0.0033285225701502946,26
41,0.04340839385986328,0.0019445696840929665,20.10021367073059,1.2005385600666865,uniform,2,5,ball_tree,"{'weights': 'uniform', 'p': 2, 'n_neighbors': 5, 'algorithm': 'ball_tree'}",0.7396875,0.7355,0.7333125,0.7335625,0.7325625,0.7349249999999999,0.0025709920264365043,31
42,0.004884195327758789,0.00016799964491137433,2.9853163242340086,0.053564024874722775,uniform,1,11,brute,"{'weights': 'uniform', 'p': 1, 'n_neighbors': 11, 'algorithm': 'brute'}",0.7545,0.7521875,0.749625,0.7460625,0.7471875,0.7499125,0.0031161374327843706,23
43,0.0050699710845947266,8.162847723822526e-05,0.6943110942840576,0.012399641872053889,distance,2,19,brute,"{'weights': 'distance', 'p': 2, 'n_neighbors': 19, 'algorithm': 'brute'}",0.7246875,0.7191875,0.722625,0.7178125,0.7215,0.7211624999999999,0.002441375124801615,40
44,0.045432090759277344,0.002398601078210562,16.194253158569335,0.12929082308163137,distance,1,5,ball_tree,"{'weights': 'distance', 'p': 1, 'n_neighbors': 5, 'algorithm': 'ball_tree'}",0.8105625,0.80975,0.8054375,0.80225,0.806,0.8068,0.0030350556008086316,1
45,0.004776668548583984,0.0002524552358925222,2.927378940582275,0.038959499200982545,uniform,1,13,brute,"{'weights': 'uniform', 'p': 1, 'n_neighbors': 13, 'algorithm': 'brute'}",0.744,0.7411875,0.741125,0.7398125,0.741375,0.7415,0.0013675936896607851,28
46,0.043715476989746094,0.001090997988930779,19.441280174255372,0.34628989263759063,distance,2,7,ball_tree,"{'weights': 'distance', 'p': 2, 'n_neighbors': 7, 'algorithm': 'ball_tree'}",0.7558125,0.75475,0.752375,0.74625,0.7471875,0.7512749999999999,0.003894427108060966,22
47,0.00465860366821289,0.00028525499605130554,0.7467833518981933,0.011194166164242254,uniform,2,15,brute,"{'weights': 'uniform', 'p': 2, 'n_neighbors': 15, 'algorithm': 'brute'}",0.7009375,0.696875,0.6974375,0.6953125,0.6960625,0.697325,0.0019447043477094329,48
48,0.03854689598083496,0.0009113715717940521,20.08750500679016,0.856617363439041,distance,1,5,kd_tree,"{'weights': 'distance', 'p': 1, 'n_neighbors': 5, 'algorithm': 'kd_tree'}",0.8105625,0.80975,0.8054375,0.80225,0.806,0.8068,0.0030350556008086316,1
49,0.03780760765075684,0.0003482905430667219,17.79541668891907,0.3917967686308243,distance,2,15,kd_tree,"{'weights': 'distance', 'p': 2, 'n_neighbors': 15, 'algorithm': 'kd_tree'}",0.7328125,0.729375,0.7295625,0.7265625,0.728875,0.7294375,0.0019996093368455647,34
