,mean_fit_time,std_fit_time,mean_score_time,std_score_time,param_subsample,param_n_estimators,param_max_depth,param_learning_rate,param_lambda_l2,param_lambda_l1,params,split0_test_score,split1_test_score,split2_test_score,split3_test_score,split4_test_score,mean_test_score,std_test_score,rank_test_score
6,22.113337564468384,0.8574997728400489,3.5157470226287844,0.6715143708923944,1,500,10,0.3,0,10,"{'subsample': 1, 'n_estimators': 500, 'max_depth': 10, 'learning_rate': 0.3, 'lambda_l2': 0, 'lambda_l1': 10}",0.80025,0.802125,0.7965625,0.7915625,0.7960625,0.7973125,0.003659960723832991,1
13,19.485222339630127,0.6662128696173699,2.94752721786499,0.23383845168374312,1,500,5,0.3,50,0,"{'subsample': 1, 'n_estimators': 500, 'max_depth': 5, 'learning_rate': 0.3, 'lambda_l2': 50, 'lambda_l1': 0}",0.7949375,0.7984375,0.7904375,0.7861875,0.7914375,0.7922874999999999,0.004152107898405327,2
20,20.880043268203735,2.045969535639279,3.551903820037842,0.6806477154161782,0.8,500,15,0.1,50,0,"{'subsample': 0.8, 'n_estimators': 500, 'max_depth': 15, 'learning_rate': 0.1, 'lambda_l2': 50, 'lambda_l1': 0}",0.777875,0.7840625,0.7771875,0.7715625,0.7788125,0.7779,0.00398701015800059,3
8,27.077234315872193,0.373910859818244,1.3872450828552245,0.13883900863507018,0.6,1000,10,0.3,20,20,"{'subsample': 0.6, 'n_estimators': 1000, 'max_depth': 10, 'learning_rate': 0.3, 'lambda_l2': 20, 'lambda_l1': 20}",0.7728125,0.7795,0.7689375,0.764125,0.7720625,0.7714875,0.005039748257601732,4
28,46.81708393096924,1.660182306743596,6.518170499801636,0.5786035606721278,0.6,1000,15,0.05,30,20,"{'subsample': 0.6, 'n_estimators': 1000, 'max_depth': 15, 'learning_rate': 0.05, 'lambda_l2': 30, 'lambda_l1': 20}",0.762,0.765875,0.76,0.75325,0.762875,0.7607999999999999,0.004222410449020796,5
19,5.300674915313721,0.8627784037329025,0.4298140048980713,0.0812899529747013,1,100,10,0.3,0,20,"{'subsample': 1, 'n_estimators': 100, 'max_depth': 10, 'learning_rate': 0.3, 'lambda_l2': 0, 'lambda_l1': 20}",0.7563125,0.7611875,0.757,0.74925,0.763,0.75735,0.004763566153629035,6
12,25.856822204589843,1.7842386931140637,4.114949560165405,0.8148674075067742,0.6,500,10,0.05,10,20,"{'subsample': 0.6, 'n_estimators': 500, 'max_depth': 10, 'learning_rate': 0.05, 'lambda_l2': 10, 'lambda_l1': 20}",0.7513125,0.753875,0.7506875,0.74275,0.752,0.7501249999999999,0.003839148668650368,7
15,27.599738359451294,0.7564886723399095,2.0137991428375246,0.3935921138131592,0.8,1000,10,0.1,0,30,"{'subsample': 0.8, 'n_estimators': 1000, 'max_depth': 10, 'learning_rate': 0.1, 'lambda_l2': 0, 'lambda_l1': 30}",0.7405,0.745875,0.741,0.735,0.7453125,0.7415375,0.0039285811688190946,8
4,28.690401077270508,0.8641010936515335,2.0165380954742433,0.6799765913420858,0.8,1000,15,0.1,10,30,"{'subsample': 0.8, 'n_estimators': 1000, 'max_depth': 15, 'learning_rate': 0.1, 'lambda_l2': 10, 'lambda_l1': 30}",0.7405,0.744625,0.7428125,0.7339375,0.745625,0.7415,0.004164019992747376,9
10,28.18160433769226,1.160942248952315,1.854558563232422,0.21563463783757292,0.6,1000,20,0.1,0,30,"{'subsample': 0.6, 'n_estimators': 1000, 'max_depth': 20, 'learning_rate': 0.1, 'lambda_l2': 0, 'lambda_l1': 30}",0.7418125,0.745125,0.7415625,0.7331875,0.74475,0.7412875,0.004305265671244936,10
17,17.320777940750123,0.6385059986170244,1.481133222579956,0.16326005276218272,1,500,15,0.1,0,30,"{'subsample': 1, 'n_estimators': 500, 'max_depth': 15, 'learning_rate': 0.1, 'lambda_l2': 0, 'lambda_l1': 30}",0.74125,0.7453125,0.7405,0.733875,0.7448125,0.74115,0.004101181232279291,11
21,50.47282829284668,5.895727249114866,6.141538095474243,0.8879003024220014,0.6,1000,20,0.01,10,0,"{'subsample': 0.6, 'n_estimators': 1000, 'max_depth': 20, 'learning_rate': 0.01, 'lambda_l2': 10, 'lambda_l1': 0}",0.739125,0.7449375,0.740125,0.7334375,0.7436875,0.7402625,0.004036822698608407,12
14,23.22037000656128,0.8245088754475813,0.5633998870849609,0.2290340077076385,0.6,1000,5,0.3,20,30,"{'subsample': 0.6, 'n_estimators': 1000, 'max_depth': 5, 'learning_rate': 0.3, 'lambda_l2': 20, 'lambda_l1': 30}",0.7376875,0.7416875,0.7376875,0.735875,0.74175,0.7389375,0.002365441290753186,13
2,5.963356781005859,0.8000635116079582,0.5816070079803467,0.19820625858541926,0.8,100,10,0.1,50,20,"{'subsample': 0.8, 'n_estimators': 100, 'max_depth': 10, 'learning_rate': 0.1, 'lambda_l2': 50, 'lambda_l1': 20}",0.72775,0.73575,0.728875,0.7235,0.732875,0.72975,0.004233054452756307,14
27,55.03331713676452,0.7248480295643334,7.665076017379761,0.9525499950991673,0.8,1000,15,0.01,10,30,"{'subsample': 0.8, 'n_estimators': 1000, 'max_depth': 15, 'learning_rate': 0.01, 'lambda_l2': 10, 'lambda_l1': 30}",0.726125,0.732375,0.72575,0.722125,0.7309375,0.7274625,0.0037260904444202598,15
16,25.785635662078857,0.8406270310479236,2.9699427127838134,0.46985718656822234,1,500,10,0.01,0,0,"{'subsample': 1, 'n_estimators': 500, 'max_depth': 10, 'learning_rate': 0.01, 'lambda_l2': 0, 'lambda_l1': 0}",0.72975,0.7301875,0.725125,0.7224375,0.728625,0.727225,0.0029813482688206775,16
1,3.8650819301605224,0.37421029019305585,0.28598899841308595,0.08822583517777194,1,100,15,0.3,20,50,"{'subsample': 1, 'n_estimators': 100, 'max_depth': 15, 'learning_rate': 0.3, 'lambda_l2': 20, 'lambda_l1': 50}",0.7271875,0.72975,0.7276875,0.7206875,0.73,0.7270625,0.0033733792404649536,17
24,15.502043151855469,1.5076126068030467,0.7631692886352539,0.16703817672824064,1,500,15,0.1,30,50,"{'subsample': 1, 'n_estimators': 500, 'max_depth': 15, 'learning_rate': 0.1, 'lambda_l2': 30, 'lambda_l1': 50}",0.7266875,0.731375,0.72475,0.7200625,0.7283125,0.7262375,0.003774793040684469,18
26,19.120725250244142,0.9515995577431977,2.054144763946533,0.4641079596645422,0.6,500,20,0.05,10,50,"{'subsample': 0.6, 'n_estimators': 500, 'max_depth': 20, 'learning_rate': 0.05, 'lambda_l2': 10, 'lambda_l1': 50}",0.7286875,0.7303125,0.72425,0.72,0.7271875,0.7260875,0.003640183717891199,19
23,25.82028121948242,1.7292322084940368,0.7183980941772461,0.21127541151757126,0.8,1000,15,0.1,20,50,"{'subsample': 0.8, 'n_estimators': 1000, 'max_depth': 15, 'learning_rate': 0.1, 'lambda_l2': 20, 'lambda_l1': 50}",0.727,0.7311875,0.7244375,0.71925,0.7284375,0.7260624999999999,0.004045638083170579,20
29,14.99813952445984,1.4503129645920172,0.7816104412078857,0.2635445266500146,0.6,500,10,0.1,50,50,"{'subsample': 0.6, 'n_estimators': 500, 'max_depth': 10, 'learning_rate': 0.1, 'lambda_l2': 50, 'lambda_l1': 50}",0.7265,0.7304375,0.7246875,0.720125,0.7280625,0.7259625,0.0034763936054480133,21
25,26.66495461463928,0.4436631777724804,2.90169153213501,0.40106493318101166,1,500,20,0.01,30,0,"{'subsample': 1, 'n_estimators': 500, 'max_depth': 20, 'learning_rate': 0.01, 'lambda_l2': 30, 'lambda_l1': 0}",0.7273125,0.7275625,0.725125,0.720375,0.7264375,0.7253624999999999,0.0026355146556223184,22
11,28.614082384109498,2.796491098124399,3.37933144569397,0.3259085160557225,1,500,20,0.01,50,0,"{'subsample': 1, 'n_estimators': 500, 'max_depth': 20, 'learning_rate': 0.01, 'lambda_l2': 50, 'lambda_l1': 0}",0.72625,0.7275,0.725625,0.7184375,0.72525,0.7246124999999999,0.0031806052883060014,23
3,26.848519039154052,0.563775426106781,3.2169111728668214,0.7358868154607614,0.8,500,20,0.01,50,0,"{'subsample': 0.8, 'n_estimators': 500, 'max_depth': 20, 'learning_rate': 0.01, 'lambda_l2': 50, 'lambda_l1': 0}",0.72625,0.7275,0.725625,0.7184375,0.72525,0.7246124999999999,0.0031806052883060014,23
5,28.463891983032227,0.42905953112300227,2.9543902397155763,0.39825464696906987,0.6,500,15,0.01,20,10,"{'subsample': 0.6, 'n_estimators': 500, 'max_depth': 15, 'learning_rate': 0.01, 'lambda_l2': 20, 'lambda_l1': 10}",0.724125,0.728,0.724625,0.71875,0.726375,0.724375,0.0031274990007991946,25
7,29.070451927185058,1.4552428280018046,3.318774700164795,0.4518419636705796,1,500,20,0.01,30,10,"{'subsample': 1, 'n_estimators': 500, 'max_depth': 20, 'learning_rate': 0.01, 'lambda_l2': 30, 'lambda_l1': 10}",0.7243125,0.72675,0.7241875,0.71875,0.7259375,0.7239875,0.002793239606621677,26
18,4.095032262802124,0.9497067734503165,0.22483863830566406,0.019461441987553924,1,100,5,0.3,10,50,"{'subsample': 1, 'n_estimators': 100, 'max_depth': 5, 'learning_rate': 0.3, 'lambda_l2': 10, 'lambda_l1': 50}",0.7229375,0.7298125,0.722375,0.715625,0.7258125,0.7233124999999999,0.004660840857613575,27
9,31.511970376968385,4.35040125951976,3.4269792556762697,0.8794836998084521,0.8,500,15,0.01,0,20,"{'subsample': 0.8, 'n_estimators': 500, 'max_depth': 15, 'learning_rate': 0.01, 'lambda_l2': 0, 'lambda_l1': 20}",0.7231875,0.7265625,0.7229375,0.7186875,0.724625,0.7232000000000001,0.002598797798983198,28
22,27.102312707901,0.45707167448050656,2.8703346729278563,0.1866462038859824,0.6,500,15,0.01,10,50,"{'subsample': 0.6, 'n_estimators': 500, 'max_depth': 15, 'learning_rate': 0.01, 'lambda_l2': 10, 'lambda_l1': 50}",0.718375,0.722125,0.7174375,0.7111875,0.7209375,0.7180125,0.0038081737749215334,29
0,6.049040079116821,1.157916993862663,0.33054490089416505,0.0425404196847469,0.6,100,10,0.01,30,30,"{'subsample': 0.6, 'n_estimators': 100, 'max_depth': 10, 'learning_rate': 0.01, 'lambda_l2': 30, 'lambda_l1': 30}",0.6845625,0.6863125,0.688625,0.6841875,0.6870625,0.68615,0.0016343959128681499,30
