,mean_fit_time,std_fit_time,mean_score_time,std_score_time,param_reg_lambda,param_reg_alpha,param_n_estimators,param_max_depth,param_learning_rate,param_gamma,param_colsample_bytree,params,split0_test_score,split1_test_score,split2_test_score,split3_test_score,split4_test_score,mean_test_score,std_test_score,rank_test_score
5,115.59550719261169,1.0571334370362846,0.21049051284790038,0.015918945651549863,1e-05,1e-05,450,15,0.1,0.2,0.5,"{'reg_lambda': 1e-05, 'reg_alpha': 1e-05, 'n_estimators': 450, 'max_depth': 15, 'learning_rate': 0.1, 'gamma': 0.2, 'colsample_bytree': 0.5}",0.8304375,0.83,0.8275625,0.8225,0.8233125,0.8267625000000001,0.003307519841210329,1
22,95.75738201141357,2.645759339613661,0.1965719223022461,0.02945006965602925,1e-05,0.1,350,18,0.1,0.4,0.7,"{'reg_lambda': 1e-05, 'reg_alpha': 0.1, 'n_estimators': 350, 'max_depth': 18, 'learning_rate': 0.1, 'gamma': 0.4, 'colsample_bytree': 0.7}",0.8296875,0.829875,0.82625,0.823,0.8223125,0.826225,0.0031943798302644178,2
32,109.65763249397278,0.856163797230095,0.3000237464904785,0.07043913831990394,1e-05,1,450,18,0.1,0.4,0.4,"{'reg_lambda': 1e-05, 'reg_alpha': 1, 'n_estimators': 450, 'max_depth': 18, 'learning_rate': 0.1, 'gamma': 0.4, 'colsample_bytree': 0.4}",0.8285625,0.826875,0.8279375,0.8238125,0.820875,0.8256125000000001,0.0028770101668224913,3
13,59.721554327011106,2.0096400851256973,0.19173922538757324,0.018516098773313297,0.1,0.1,350,15,0.1,0.4,0.3,"{'reg_lambda': 0.1, 'reg_alpha': 0.1, 'n_estimators': 350, 'max_depth': 15, 'learning_rate': 0.1, 'gamma': 0.4, 'colsample_bytree': 0.3}",0.8290625,0.8276875,0.824625,0.8228125,0.8210625,0.8250500000000001,0.002971321254930216,4
42,25.58402624130249,0.14670928243936224,0.07813177108764649,0.009882129538137422,0.01,0.1,100,15,0.1,0.2,0.8,"{'reg_lambda': 0.01, 'reg_alpha': 0.1, 'n_estimators': 100, 'max_depth': 15, 'learning_rate': 0.1, 'gamma': 0.2, 'colsample_bytree': 0.8}",0.8233125,0.8244375,0.822625,0.8175,0.818375,0.82125,0.0027796694947421576,5
43,88.49395270347595,3.667495951128125,0.20966176986694335,0.08732974875506139,1,1,450,12,0.1,0.3,0.7,"{'reg_lambda': 1, 'reg_alpha': 1, 'n_estimators': 450, 'max_depth': 12, 'learning_rate': 0.1, 'gamma': 0.3, 'colsample_bytree': 0.7}",0.82475,0.8228125,0.8210625,0.817875,0.8175,0.8208,0.0027988278796667555,6
38,75.78705134391785,2.305358696733285,0.15064945220947265,0.013629480965673922,10,0.1,400,12,0.1,0.4,0.8,"{'reg_lambda': 10, 'reg_alpha': 0.1, 'n_estimators': 400, 'max_depth': 12, 'learning_rate': 0.1, 'gamma': 0.4, 'colsample_bytree': 0.8}",0.821375,0.81925,0.817875,0.8178125,0.8168125,0.8186249999999999,0.0015786663675393577,7
48,86.0802891254425,3.1434580428211345,0.6625221729278564,0.1838621709219152,0.01,0.01,250,18,0.001,0.4,0.5,"{'reg_lambda': 0.01, 'reg_alpha': 0.01, 'n_estimators': 250, 'max_depth': 18, 'learning_rate': 0.001, 'gamma': 0.4, 'colsample_bytree': 0.5}",0.8199375,0.817,0.8154375,0.8144375,0.8113125,0.815625,0.002847147695501577,8
19,91.71912755966187,3.2541290049848874,0.22671012878417968,0.022739614568830297,100,0.01,350,15,1,0.0,0.9,"{'reg_lambda': 100, 'reg_alpha': 0.01, 'n_estimators': 350, 'max_depth': 15, 'learning_rate': 1, 'gamma': 0.0, 'colsample_bytree': 0.9}",0.8154375,0.8158125,0.8155,0.812625,0.81,0.8138750000000001,0.0022545093701291114,9
1,118.00189313888549,7.907390141019625,0.1343250274658203,0.022329425187874,100,1,450,18,1,0.1,0.6,"{'reg_lambda': 100, 'reg_alpha': 1, 'n_estimators': 450, 'max_depth': 18, 'learning_rate': 1, 'gamma': 0.1, 'colsample_bytree': 0.6}",0.80675,0.8094375,0.8046875,0.805,0.8061875,0.8064125000000001,0.0016903217149406829,10
41,27.95476589202881,0.5899077128097383,0.06113882064819336,0.007838234312837242,1,10,100,18,0.1,0.2,0.8,"{'reg_lambda': 1, 'reg_alpha': 10, 'n_estimators': 100, 'max_depth': 18, 'learning_rate': 0.1, 'gamma': 0.2, 'colsample_bytree': 0.8}",0.80375,0.802125,0.802625,0.7999375,0.7989375,0.8014749999999999,0.0017733266760526754,11
46,35.5648895740509,1.2188176397489887,0.05641303062438965,0.006177193175736072,1e-05,1e-05,350,9,1,0.2,0.4,"{'reg_lambda': 1e-05, 'reg_alpha': 1e-05, 'n_estimators': 350, 'max_depth': 9, 'learning_rate': 1, 'gamma': 0.2, 'colsample_bytree': 0.4}",0.8026875,0.801375,0.8006875,0.8009375,0.795125,0.8001624999999999,0.0026114531395374538,12
3,122.8950560092926,19.063857145870823,0.049194622039794925,0.025060636350588847,0.1,0.1,450,18,1,0.4,0.8,"{'reg_lambda': 0.1, 'reg_alpha': 0.1, 'n_estimators': 450, 'max_depth': 18, 'learning_rate': 1, 'gamma': 0.4, 'colsample_bytree': 0.8}",0.803,0.797875,0.7999375,0.7985,0.799375,0.7997374999999999,0.0017785176411832613,13
24,63.19030690193176,0.9720088773845418,0.04744243621826172,0.0042811517341802266,1,10,300,15,1,0.4,0.8,"{'reg_lambda': 1, 'reg_alpha': 10, 'n_estimators': 300, 'max_depth': 15, 'learning_rate': 1, 'gamma': 0.4, 'colsample_bytree': 0.8}",0.8016875,0.7985,0.797625,0.7975,0.79775,0.7986125,0.0015763882770434465,14
29,24.41710066795349,0.649567026868616,0.09857373237609864,0.014988602933669219,1,0.1,100,15,0.001,0.4,0.5,"{'reg_lambda': 1, 'reg_alpha': 0.1, 'n_estimators': 100, 'max_depth': 15, 'learning_rate': 0.001, 'gamma': 0.4, 'colsample_bytree': 0.5}",0.7958125,0.7950625,0.789625,0.796125,0.79075,0.793475,0.0027296405441010036,15
44,71.65083599090576,2.3684799938904213,0.2845766067504883,0.04004146993606041,0.01,0.1,250,15,0.0001,0.0,0.7,"{'reg_lambda': 0.01, 'reg_alpha': 0.1, 'n_estimators': 250, 'max_depth': 15, 'learning_rate': 0.0001, 'gamma': 0.0, 'colsample_bytree': 0.7}",0.79425,0.79625,0.7910625,0.79475,0.7889375,0.79305,0.0026620598227688383,16
40,132.7690411090851,4.556064989814679,0.5238012313842774,0.07269952559608121,1e-05,1e-05,400,15,0.001,0.1,0.9,"{'reg_lambda': 1e-05, 'reg_alpha': 1e-05, 'n_estimators': 400, 'max_depth': 15, 'learning_rate': 0.001, 'gamma': 0.1, 'colsample_bytree': 0.9}",0.7845625,0.7861875,0.78475,0.7853125,0.7805625,0.784275,0.0019403607911932105,17
35,36.05110630989075,1.173819569962361,0.06804957389831542,0.005512419318548279,10,0.01,400,6,0.1,0.1,0.9,"{'reg_lambda': 10, 'reg_alpha': 0.01, 'n_estimators': 400, 'max_depth': 6, 'learning_rate': 0.1, 'gamma': 0.1, 'colsample_bytree': 0.9}",0.7778125,0.7771875,0.7789375,0.7775625,0.7740625,0.7771125000000001,0.0016328655792807911,18
25,33.20860595703125,1.1720113078276055,0.0960312843322754,0.010509148734936578,10,1,150,15,0.0001,0.3,0.6,"{'reg_lambda': 10, 'reg_alpha': 1, 'n_estimators': 150, 'max_depth': 15, 'learning_rate': 0.0001, 'gamma': 0.3, 'colsample_bytree': 0.6}",0.7723125,0.777625,0.76825,0.772875,0.769625,0.7721375,0.00322838969147159,19
14,16.256463479995727,0.7041852094350655,0.058983135223388675,0.01069356330697094,0.1,1,100,12,0.01,0.2,0.4,"{'reg_lambda': 0.1, 'reg_alpha': 1, 'n_estimators': 100, 'max_depth': 12, 'learning_rate': 0.01, 'gamma': 0.2, 'colsample_bytree': 0.4}",0.77,0.77475,0.7683125,0.774875,0.7688125,0.77135,0.0028800499127619433,20
34,18.144048261642457,0.30261548005514616,0.05135297775268555,0.004904751206981621,1,0.1,300,6,0.1,0.3,0.3,"{'reg_lambda': 1, 'reg_alpha': 0.1, 'n_estimators': 300, 'max_depth': 6, 'learning_rate': 0.1, 'gamma': 0.3, 'colsample_bytree': 0.3}",0.7673125,0.771,0.7654375,0.767125,0.7614375,0.7664625,0.003100050402816062,21
7,73.90428886413574,0.7910113237948683,0.19661388397216797,0.010614144677679934,10,1,300,15,0.001,0.1,0.4,"{'reg_lambda': 10, 'reg_alpha': 1, 'n_estimators': 300, 'max_depth': 15, 'learning_rate': 0.001, 'gamma': 0.1, 'colsample_bytree': 0.4}",0.7644375,0.768875,0.757875,0.7678125,0.7618125,0.7641625000000001,0.0040164894497558504,22
9,80.43268671035767,14.270475720664217,0.25537714958190916,0.06221666730224301,1e-05,1,400,12,0.0001,0.0,0.5,"{'reg_lambda': 1e-05, 'reg_alpha': 1, 'n_estimators': 400, 'max_depth': 12, 'learning_rate': 0.0001, 'gamma': 0.0, 'colsample_bytree': 0.5}",0.761125,0.767625,0.759625,0.769,0.7613125,0.7637375000000001,0.0038059164467970186,23
37,8.321010398864747,0.39864047262221963,0.02307262420654297,0.0018782046729015566,0.1,10,250,3,1,0.4,0.3,"{'reg_lambda': 0.1, 'reg_alpha': 10, 'n_estimators': 250, 'max_depth': 3, 'learning_rate': 1, 'gamma': 0.4, 'colsample_bytree': 0.3}",0.7578125,0.7615,0.7568125,0.7555625,0.75625,0.7575875,0.002090379750188927,24
23,72.74107656478881,0.9925543179287735,0.19920825958251953,0.018352544768552807,1,10,300,18,0.001,0.1,0.7,"{'reg_lambda': 1, 'reg_alpha': 10, 'n_estimators': 300, 'max_depth': 18, 'learning_rate': 0.001, 'gamma': 0.1, 'colsample_bytree': 0.7}",0.7475,0.7595,0.7489375,0.753375,0.7465,0.7511625000000001,0.004785655649960583,25
33,5.122324705123901,0.113716461116422,0.015938329696655273,0.0031208988376206317,0.01,0.01,150,3,1,0.2,0.4,"{'reg_lambda': 0.01, 'reg_alpha': 0.01, 'n_estimators': 150, 'max_depth': 3, 'learning_rate': 1, 'gamma': 0.2, 'colsample_bytree': 0.4}",0.752125,0.7500625,0.7445625,0.75,0.7494375,0.7492375,0.0025097933181837916,26
0,38.5355724811554,3.2301200530032426,0.11419849395751953,0.010930478898127167,0.1,10,250,12,0.0001,0.4,0.5,"{'reg_lambda': 0.1, 'reg_alpha': 10, 'n_estimators': 250, 'max_depth': 12, 'learning_rate': 0.0001, 'gamma': 0.4, 'colsample_bytree': 0.5}",0.722875,0.731,0.7186875,0.727375,0.7179375,0.7235750000000001,0.0050145725141830235,27
10,25.638570690155028,2.5960470734966483,0.054602766036987306,0.014876071946106822,1,10,200,9,0.001,0.0,0.7,"{'reg_lambda': 1, 'reg_alpha': 10, 'n_estimators': 200, 'max_depth': 9, 'learning_rate': 0.001, 'gamma': 0.0, 'colsample_bytree': 0.7}",0.7191875,0.7320625,0.7211875,0.7229375,0.719375,0.72295,0.004755654529084286,28
8,10.685222244262695,0.24094783039242798,0.015630435943603516,1.8553806742042273e-06,1,100,400,9,1,0.0,0.6,"{'reg_lambda': 1, 'reg_alpha': 100, 'n_estimators': 400, 'max_depth': 9, 'learning_rate': 1, 'gamma': 0.0, 'colsample_bytree': 0.6}",0.723,0.7269375,0.7220625,0.7225,0.71775,0.72245,0.002921739635901874,29
20,9.16895751953125,0.6355279036142494,0.0161226749420166,0.002793565850436631,100,100,400,15,1,0.1,0.5,"{'reg_lambda': 100, 'reg_alpha': 100, 'n_estimators': 400, 'max_depth': 15, 'learning_rate': 1, 'gamma': 0.1, 'colsample_bytree': 0.5}",0.720875,0.7265,0.7159375,0.7226875,0.7196875,0.7211375,0.0034747751725831217,30
16,29.382252597808836,1.2601239319652744,0.06689038276672363,0.011053835483591618,100,1,350,6,0.01,0.2,0.7,"{'reg_lambda': 100, 'reg_alpha': 1, 'n_estimators': 350, 'max_depth': 6, 'learning_rate': 0.01, 'gamma': 0.2, 'colsample_bytree': 0.7}",0.715625,0.72875,0.718,0.72075,0.71525,0.719675,0.004945705207551298,31
4,5.667601728439331,0.2683195942732573,0.012597942352294922,0.006300303320627143,100,100,150,9,1,0.3,0.5,"{'reg_lambda': 100, 'reg_alpha': 100, 'n_estimators': 150, 'max_depth': 9, 'learning_rate': 1, 'gamma': 0.3, 'colsample_bytree': 0.5}",0.7185,0.7224375,0.7154375,0.7236875,0.717,0.7194125,0.0031584707533868525,32
47,37.45671710968018,0.8468699327107976,0.0613558292388916,0.004638200199857302,1,0.01,400,6,0.001,0.4,0.8,"{'reg_lambda': 1, 'reg_alpha': 0.01, 'n_estimators': 400, 'max_depth': 6, 'learning_rate': 0.001, 'gamma': 0.4, 'colsample_bytree': 0.8}",0.7156875,0.727875,0.7168125,0.719375,0.7146875,0.7188875,0.004758118062847969,33
17,21.081994390487672,0.270698656439314,0.045715045928955075,0.004758344756904148,0.01,10,250,6,0.001,0.4,0.8,"{'reg_lambda': 0.01, 'reg_alpha': 10, 'n_estimators': 250, 'max_depth': 6, 'learning_rate': 0.001, 'gamma': 0.4, 'colsample_bytree': 0.8}",0.712125,0.724125,0.715,0.7169375,0.7111875,0.715875,0.004604176093504691,34
2,11.131178855895996,0.23641724933153,0.029821062088012697,0.011564200500628072,10,10,100,9,0.001,0.0,0.6,"{'reg_lambda': 10, 'reg_alpha': 10, 'n_estimators': 100, 'max_depth': 9, 'learning_rate': 0.001, 'gamma': 0.0, 'colsample_bytree': 0.6}",0.711,0.72175,0.710625,0.7165,0.7089375,0.7137625,0.004733920151417864,35
12,85.71136317253112,2.590501842987793,0.13509621620178222,0.02116413594480397,0.01,100,400,18,0.0001,0.2,0.9,"{'reg_lambda': 0.01, 'reg_alpha': 100, 'n_estimators': 400, 'max_depth': 18, 'learning_rate': 0.0001, 'gamma': 0.2, 'colsample_bytree': 0.9}",0.709,0.719,0.712625,0.715625,0.7094375,0.7131375,0.003784920738932307,36
30,5.37902569770813,0.18187168660996655,0.016336822509765626,0.00244037428294653,0.01,10,150,3,0.1,0.2,0.4,"{'reg_lambda': 0.01, 'reg_alpha': 10, 'n_estimators': 150, 'max_depth': 3, 'learning_rate': 0.1, 'gamma': 0.2, 'colsample_bytree': 0.4}",0.708,0.7203125,0.7094375,0.71625,0.7109375,0.7129875,0.00460390459284292,37
27,23.301940298080446,0.33499024427811336,0.06344513893127442,0.010267947342060098,100,1,150,12,0.0001,0.0,0.6,"{'reg_lambda': 100, 'reg_alpha': 1, 'n_estimators': 150, 'max_depth': 12, 'learning_rate': 0.0001, 'gamma': 0.0, 'colsample_bytree': 0.6}",0.71075,0.721875,0.709,0.716375,0.7056875,0.7127374999999999,0.005733181926295391,38
21,43.95624599456787,0.9538002559908171,0.08690853118896484,0.01022464698015307,0.1,100,350,9,0.001,0.2,0.8,"{'reg_lambda': 0.1, 'reg_alpha': 100, 'n_estimators': 350, 'max_depth': 9, 'learning_rate': 0.001, 'gamma': 0.2, 'colsample_bytree': 0.8}",0.7084375,0.719125,0.710875,0.7133125,0.708,0.7119500000000001,0.004060364823510323,39
49,80.5063913822174,3.4182672237168275,0.12967185974121093,0.01019614378174155,0.01,100,450,15,0.0001,0.4,0.8,"{'reg_lambda': 0.01, 'reg_alpha': 100, 'n_estimators': 450, 'max_depth': 15, 'learning_rate': 0.0001, 'gamma': 0.4, 'colsample_bytree': 0.8}",0.70675,0.718875,0.711,0.713875,0.7070625,0.7115125000000001,0.004528451722167315,40
6,44.05538763999939,0.5868923791362544,0.07805953025817872,0.0010209314022108771,10,10,400,6,0.0001,0.4,0.7,"{'reg_lambda': 10, 'reg_alpha': 10, 'n_estimators': 400, 'max_depth': 6, 'learning_rate': 0.0001, 'gamma': 0.4, 'colsample_bytree': 0.7}",0.707875,0.716625,0.7104375,0.7095,0.7039375,0.7096750000000001,0.004124886362071067,41
15,19.902346086502074,0.9763315301158312,0.03241405487060547,0.006970836706251049,100,1e-05,450,3,0.01,0.0,0.9,"{'reg_lambda': 100, 'reg_alpha': 1e-05, 'n_estimators': 450, 'max_depth': 3, 'learning_rate': 0.01, 'gamma': 0.0, 'colsample_bytree': 0.9}",0.703875,0.7165625,0.704125,0.709875,0.702375,0.7073625,0.005262544536628647,42
11,33.72442517280579,2.041992041186204,0.0678398609161377,0.01602882935846019,0.01,100,200,15,0.0001,0.2,0.7,"{'reg_lambda': 0.01, 'reg_alpha': 100, 'n_estimators': 200, 'max_depth': 15, 'learning_rate': 0.0001, 'gamma': 0.2, 'colsample_bytree': 0.7}",0.702625,0.7143125,0.70375,0.7089375,0.69825,0.705575,0.005537852697571496,43
36,19.757248640060425,0.5602441033372346,0.0638503074645996,0.014647577460908865,0.1,1e-05,300,6,0.01,0.0,0.3,"{'reg_lambda': 0.1, 'reg_alpha': 1e-05, 'n_estimators': 300, 'max_depth': 6, 'learning_rate': 0.01, 'gamma': 0.0, 'colsample_bytree': 0.3}",0.7025,0.7075625,0.6956875,0.7055625,0.6979375,0.7018500000000001,0.0044748603330159835,44
31,15.671101760864257,0.4481653419483622,0.04183306694030762,0.014866204559290922,1,1,200,6,0.0001,0.0,0.6,"{'reg_lambda': 1, 'reg_alpha': 1, 'n_estimators': 200, 'max_depth': 6, 'learning_rate': 0.0001, 'gamma': 0.0, 'colsample_bytree': 0.6}",0.7009375,0.708375,0.6981875,0.70425,0.697,0.70175,0.004148606693819038,45
18,8.297469472885131,0.30650515856198446,0.023068952560424804,0.006017301318626049,1,100,100,6,0.0001,0.3,0.7,"{'reg_lambda': 1, 'reg_alpha': 100, 'n_estimators': 100, 'max_depth': 6, 'learning_rate': 0.0001, 'gamma': 0.3, 'colsample_bytree': 0.7}",0.6940625,0.704125,0.69375,0.7003125,0.6924375,0.6969375,0.004510577845465028,46
28,33.06425251960754,0.5082875048817411,0.1097151756286621,0.019003019829508198,100,0.01,300,12,0.001,0.0,0.3,"{'reg_lambda': 100, 'reg_alpha': 0.01, 'n_estimators': 300, 'max_depth': 12, 'learning_rate': 0.001, 'gamma': 0.0, 'colsample_bytree': 0.3}",0.6958125,0.6925,0.68875,0.69425,0.695375,0.6933375,0.0025634449477217134,47
26,12.902554798126221,0.4289198552086272,0.03123483657836914,0.004529994097573449,0.01,100,100,12,0.001,0.2,0.6,"{'reg_lambda': 0.01, 'reg_alpha': 100, 'n_estimators': 100, 'max_depth': 12, 'learning_rate': 0.001, 'gamma': 0.2, 'colsample_bytree': 0.6}",0.6921875,0.6998125,0.6895625,0.696625,0.6885,0.6933374999999999,0.004282705044711812,48
45,18.432049560546876,0.4014323296427425,0.02978367805480957,0.003919075635345827,1e-05,0.1,450,3,0.0001,0.4,0.7,"{'reg_lambda': 1e-05, 'reg_alpha': 0.1, 'n_estimators': 450, 'max_depth': 3, 'learning_rate': 0.0001, 'gamma': 0.4, 'colsample_bytree': 0.7}",0.6855,0.688375,0.6800625,0.6899375,0.681125,0.6849999999999999,0.003883659678705114,49
39,3.8009631633758545,0.16464348012432842,0.015758228302001954,0.00011587274417209815,1,1e-05,100,3,0.01,0.1,0.6,"{'reg_lambda': 1, 'reg_alpha': 1e-05, 'n_estimators': 100, 'max_depth': 3, 'learning_rate': 0.01, 'gamma': 0.1, 'colsample_bytree': 0.6}",0.683625,0.688625,0.6789375,0.6886875,0.6786875,0.6837125000000001,0.004403230348278426,50
