,mean_fit_time,std_fit_time,mean_score_time,std_score_time,param_warm_start,param_min_samples_leaf,param_max_leaf_nodes,param_max_depth,param_learning_rate,param_l2_regularization,param_early_stopping,params,split0_test_score,split1_test_score,split2_test_score,split3_test_score,split4_test_score,mean_test_score,std_test_score,rank_test_score
0,7.132626628875732,1.3362002002544642,0.4397304534912109,0.04501797483509233,True,15,20,10,0.001,0.3,False,"{'warm_start': True, 'min_samples_leaf': 15, 'max_leaf_nodes': 20, 'max_depth': 10, 'learning_rate': 0.001, 'l2_regularization': 0.3, 'early_stopping': False}",0.5310625,0.531,0.531,0.531,0.531,0.5310125000000001,2.4999999999986147e-05,32
1,5.6098816871643065,0.2645764182928724,0.411661434173584,0.03305608611061304,False,10,25,6,0.002,0.0,True,"{'warm_start': False, 'min_samples_leaf': 10, 'max_leaf_nodes': 25, 'max_depth': 6, 'learning_rate': 0.002, 'l2_regularization': 0.0, 'early_stopping': True}",0.575875,0.57275,0.578,0.5765,0.5745625,0.5755374999999999,0.0017790446874657187,29
2,6.261193704605103,0.5611038357749517,0.3991570949554443,0.008635400591948563,True,10,40,8,0.05,0.0,True,"{'warm_start': True, 'min_samples_leaf': 10, 'max_leaf_nodes': 40, 'max_depth': 8, 'learning_rate': 0.05, 'l2_regularization': 0.0, 'early_stopping': True}",0.737875,0.746,0.740125,0.741875,0.7405,0.7412749999999999,0.00268956316155617,10
3,5.490003776550293,0.32644617795951353,0.3550611972808838,0.008741323885567358,False,30,25,5,0.0002,0.5,False,"{'warm_start': False, 'min_samples_leaf': 30, 'max_leaf_nodes': 25, 'max_depth': 5, 'learning_rate': 0.0002, 'l2_regularization': 0.5, 'early_stopping': False}",0.5310625,0.531,0.531,0.531,0.531,0.5310125000000001,2.4999999999986147e-05,32
4,4.154746341705322,0.35482615947328267,0.26625628471374513,0.022381831655115605,False,25,20,3,0.002,0.1,True,"{'warm_start': False, 'min_samples_leaf': 25, 'max_leaf_nodes': 20, 'max_depth': 3, 'learning_rate': 0.002, 'l2_regularization': 0.1, 'early_stopping': True}",0.533,0.531,0.5379375,0.5360625,0.53675,0.53495,0.0025615547036906797,31
5,5.422216987609863,0.26806926781662205,0.3804135799407959,0.03094665023325737,True,20,45,5,0.02,0.2,True,"{'warm_start': True, 'min_samples_leaf': 20, 'max_leaf_nodes': 45, 'max_depth': 5, 'learning_rate': 0.02, 'l2_regularization': 0.2, 'early_stopping': True}",0.7135,0.7189375,0.71475,0.716625,0.71825,0.7164125,0.0020515238238928693,16
6,4.10450930595398,0.16895369669176272,0.29612016677856445,0.050647018377545934,True,10,20,3,0.0001,0.4,True,"{'warm_start': True, 'min_samples_leaf': 10, 'max_leaf_nodes': 20, 'max_depth': 3, 'learning_rate': 0.0001, 'l2_regularization': 0.4, 'early_stopping': True}",0.5310625,0.531,0.531,0.531,0.531,0.5310125000000001,2.4999999999986147e-05,32
7,6.662837934494019,0.25895304629520155,0.44341435432434084,0.021203654173724322,True,30,35,9,0.02,0.1,False,"{'warm_start': True, 'min_samples_leaf': 30, 'max_leaf_nodes': 35, 'max_depth': 9, 'learning_rate': 0.02, 'l2_regularization': 0.1, 'early_stopping': False}",0.7186875,0.724875,0.7213125,0.7221875,0.7245625,0.722325,0.0022708753818736923,15
8,7.058032703399658,0.34673109727359347,0.4550498962402344,0.02047155000350742,False,10,40,9,0.02,0.1,True,"{'warm_start': False, 'min_samples_leaf': 10, 'max_leaf_nodes': 40, 'max_depth': 9, 'learning_rate': 0.02, 'l2_regularization': 0.1, 'early_stopping': True}",0.7215,0.727875,0.723875,0.7258125,0.7253125,0.7248750000000002,0.002119478119726645,14
9,5.6106640815734865,0.34293803266686723,0.3590444564819336,0.02872994975454758,False,15,35,5,0.002,0.2,False,"{'warm_start': False, 'min_samples_leaf': 15, 'max_leaf_nodes': 35, 'max_depth': 5, 'learning_rate': 0.002, 'l2_regularization': 0.2, 'early_stopping': False}",0.5743125,0.57775,0.5820625,0.57725,0.576875,0.57765,0.002505182129107592,28
10,3.019011306762695,0.18730469563516078,0.15750555992126464,0.019509483659417303,False,30,45,1,0.0005,0.5,True,"{'warm_start': False, 'min_samples_leaf': 30, 'max_leaf_nodes': 45, 'max_depth': 1, 'learning_rate': 0.0005, 'l2_regularization': 0.5, 'early_stopping': True}",0.5310625,0.531,0.531,0.531,0.531,0.5310125000000001,2.4999999999986147e-05,32
11,4.250017929077148,0.3762223318033264,0.27306056022644043,0.012491997705397186,True,15,20,3,0.0001,0.3,True,"{'warm_start': True, 'min_samples_leaf': 15, 'max_leaf_nodes': 20, 'max_depth': 3, 'learning_rate': 0.0001, 'l2_regularization': 0.3, 'early_stopping': True}",0.5310625,0.531,0.531,0.531,0.531,0.5310125000000001,2.4999999999986147e-05,32
12,3.2795974731445314,0.19589652923233877,0.22713046073913573,0.027989393750050023,False,30,40,2,0.1,0.0,False,"{'warm_start': False, 'min_samples_leaf': 30, 'max_leaf_nodes': 40, 'max_depth': 2, 'learning_rate': 0.1, 'l2_regularization': 0.0, 'early_stopping': False}",0.701875,0.7070625,0.7035,0.7024375,0.7038125,0.7037374999999999,0.0018042484585001045,20
13,6.744268846511841,0.35275675804989143,0.4356806755065918,0.003208525121104511,True,30,35,8,0.0005,0.0,True,"{'warm_start': True, 'min_samples_leaf': 30, 'max_leaf_nodes': 35, 'max_depth': 8, 'learning_rate': 0.0005, 'l2_regularization': 0.0, 'early_stopping': True}",0.5310625,0.531,0.531,0.531,0.531,0.5310125000000001,2.4999999999986147e-05,32
14,5.366959476470948,0.38740468482256246,0.31812033653259275,0.02091552097776407,True,10,40,8,0.2,0.0,True,"{'warm_start': True, 'min_samples_leaf': 10, 'max_leaf_nodes': 40, 'max_depth': 8, 'learning_rate': 0.2, 'l2_regularization': 0.0, 'early_stopping': True}",0.7806875,0.785375,0.784625,0.7795,0.7816875,0.782375,0.0022648813434703644,2
15,4.77446346282959,0.3197081794461846,0.31816706657409666,0.027913096936229693,True,10,25,4,0.0005,0.1,False,"{'warm_start': True, 'min_samples_leaf': 10, 'max_leaf_nodes': 25, 'max_depth': 4, 'learning_rate': 0.0005, 'l2_regularization': 0.1, 'early_stopping': False}",0.5310625,0.531,0.531,0.531,0.531,0.5310125000000001,2.4999999999986147e-05,32
16,4.832463169097901,0.36227072446971315,0.3121082305908203,0.03146244232138533,True,30,20,4,0.005,0.3,True,"{'warm_start': True, 'min_samples_leaf': 30, 'max_leaf_nodes': 20, 'max_depth': 4, 'learning_rate': 0.005, 'l2_regularization': 0.3, 'early_stopping': True}",0.6701875,0.669,0.6751875,0.669,0.6718125,0.6710375000000001,0.002317258617418439,24
17,4.154973745346069,0.2626326349289829,0.2596863269805908,0.009955947264529811,False,15,45,3,0.001,0.0,True,"{'warm_start': False, 'min_samples_leaf': 15, 'max_leaf_nodes': 45, 'max_depth': 3, 'learning_rate': 0.001, 'l2_regularization': 0.0, 'early_stopping': True}",0.5310625,0.531,0.531,0.531,0.531,0.5310125000000001,2.4999999999986147e-05,32
18,6.091402053833008,0.3762035947039816,0.392165994644165,0.004071687377640469,True,10,20,9,0.01,0.1,False,"{'warm_start': True, 'min_samples_leaf': 10, 'max_leaf_nodes': 20, 'max_depth': 9, 'learning_rate': 0.01, 'l2_regularization': 0.1, 'early_stopping': False}",0.710625,0.71675,0.7129375,0.7135,0.7146875,0.7137,0.002017656437553249,18
19,6.960953855514527,0.4155600396976293,0.4605109691619873,0.02992941805305266,True,10,40,8,0.001,0.1,True,"{'warm_start': True, 'min_samples_leaf': 10, 'max_leaf_nodes': 40, 'max_depth': 8, 'learning_rate': 0.001, 'l2_regularization': 0.1, 'early_stopping': True}",0.5310625,0.531,0.531,0.531,0.531,0.5310125000000001,2.4999999999986147e-05,32
20,4.637775468826294,0.24775287374199526,0.3137181282043457,0.0253424983664346,False,20,45,4,0.0001,0.3,False,"{'warm_start': False, 'min_samples_leaf': 20, 'max_leaf_nodes': 45, 'max_depth': 4, 'learning_rate': 0.0001, 'l2_regularization': 0.3, 'early_stopping': False}",0.5310625,0.531,0.531,0.531,0.531,0.5310125000000001,2.4999999999986147e-05,32
21,3.895116758346558,0.1916551856712136,0.28782215118408205,0.033092594614700925,True,30,45,3,0.5,0.2,True,"{'warm_start': True, 'min_samples_leaf': 30, 'max_leaf_nodes': 45, 'max_depth': 3, 'learning_rate': 0.5, 'l2_regularization': 0.2, 'early_stopping': True}",0.736,0.7406875,0.7393125,0.738,0.737625,0.738325,0.0015847909956836854,11
22,5.450395679473877,0.2975797483465389,0.37572484016418456,0.025017724231205872,True,30,35,7,0.1,0.3,True,"{'warm_start': True, 'min_samples_leaf': 30, 'max_leaf_nodes': 35, 'max_depth': 7, 'learning_rate': 0.1, 'l2_regularization': 0.3, 'early_stopping': True}",0.7545625,0.758875,0.75675,0.755,0.7583125,0.7567,0.0017200109011282201,6
23,4.919686889648437,0.3391779144087025,0.3150036811828613,0.025763019461133758,False,20,30,7,0.2,0.1,False,"{'warm_start': False, 'min_samples_leaf': 20, 'max_leaf_nodes': 30, 'max_depth': 7, 'learning_rate': 0.2, 'l2_regularization': 0.1, 'early_stopping': False}",0.778125,0.77775,0.7768125,0.7741875,0.7745,0.776275,0.0016367841946939743,3
24,7.455518674850464,0.32821152600887454,0.47850022315979,0.023719727701814422,False,15,45,9,0.0005,0.1,True,"{'warm_start': False, 'min_samples_leaf': 15, 'max_leaf_nodes': 45, 'max_depth': 9, 'learning_rate': 0.0005, 'l2_regularization': 0.1, 'early_stopping': True}",0.5310625,0.531,0.531,0.531,0.531,0.5310125000000001,2.4999999999986147e-05,32
25,4.2314153671264645,0.1741450836899288,0.28745555877685547,0.03448553820263168,True,30,40,3,0.005,0.4,False,"{'warm_start': True, 'min_samples_leaf': 30, 'max_leaf_nodes': 40, 'max_depth': 3, 'learning_rate': 0.005, 'l2_regularization': 0.4, 'early_stopping': False}",0.669125,0.6689375,0.673375,0.66675,0.66975,0.6695875,0.0021475276482504206,25
26,3.0979568004608153,0.23166290203088308,0.17725720405578613,0.030128982391264218,False,15,40,1,0.1,0.4,True,"{'warm_start': False, 'min_samples_leaf': 15, 'max_leaf_nodes': 40, 'max_depth': 1, 'learning_rate': 0.1, 'l2_regularization': 0.4, 'early_stopping': True}",0.6728125,0.677,0.672625,0.67475,0.6758125,0.6746000000000001,0.0016940152006401869,23
27,6.227395343780517,0.2478858758818371,0.4529019832611084,0.038765358201187435,True,10,25,8,0.001,0.3,True,"{'warm_start': True, 'min_samples_leaf': 10, 'max_leaf_nodes': 25, 'max_depth': 8, 'learning_rate': 0.001, 'l2_regularization': 0.3, 'early_stopping': True}",0.5310625,0.531,0.531,0.531,0.531,0.5310125000000001,2.4999999999986147e-05,32
28,5.278612375259399,0.3594848813397616,0.3337563991546631,0.021585104642189372,False,30,30,9,0.1,0.3,True,"{'warm_start': False, 'min_samples_leaf': 30, 'max_leaf_nodes': 30, 'max_depth': 9, 'learning_rate': 0.1, 'l2_regularization': 0.3, 'early_stopping': True}",0.75175,0.7598125,0.7585,0.7523125,0.756875,0.7558499999999999,0.003258786200412635,7
29,3.8325307369232178,0.2967115812218837,0.24577703475952148,0.038170728994794324,False,20,30,2,0.001,0.5,True,"{'warm_start': False, 'min_samples_leaf': 20, 'max_leaf_nodes': 30, 'max_depth': 2, 'learning_rate': 0.001, 'l2_regularization': 0.5, 'early_stopping': True}",0.5310625,0.531,0.531,0.531,0.531,0.5310125000000001,2.4999999999986147e-05,32
30,6.225780487060547,0.34978231470248417,0.4377443790435791,0.039894812693874245,True,15,45,7,0.05,0.0,True,"{'warm_start': True, 'min_samples_leaf': 15, 'max_leaf_nodes': 45, 'max_depth': 7, 'learning_rate': 0.05, 'l2_regularization': 0.0, 'early_stopping': True}",0.7410625,0.7439375,0.7414375,0.7420625,0.739625,0.741625,0.0014064583179035383,9
31,5.299089479446411,0.25789730601101246,0.36110615730285645,0.026286199883537302,True,10,35,5,0.05,0.0,False,"{'warm_start': True, 'min_samples_leaf': 10, 'max_leaf_nodes': 35, 'max_depth': 5, 'learning_rate': 0.05, 'l2_regularization': 0.0, 'early_stopping': False}",0.72425,0.7304375,0.7260625,0.72575,0.726,0.7264999999999999,0.002077032137449967,13
32,3.905418062210083,0.2226789066697882,0.2498164176940918,0.052064913663903985,False,10,35,2,0.005,0.2,True,"{'warm_start': False, 'min_samples_leaf': 10, 'max_leaf_nodes': 35, 'max_depth': 2, 'learning_rate': 0.005, 'l2_regularization': 0.2, 'early_stopping': True}",0.6290625,0.6295625,0.633,0.6265625,0.6305,0.6297375,0.002087687117362171,27
33,5.621744775772095,0.27977804876331114,0.33341617584228517,0.031934070080848115,True,15,45,9,0.2,0.1,True,"{'warm_start': True, 'min_samples_leaf': 15, 'max_leaf_nodes': 45, 'max_depth': 9, 'learning_rate': 0.2, 'l2_regularization': 0.1, 'early_stopping': True}",0.78825,0.7895,0.782,0.78475,0.78675,0.78625,0.0026504716561397052,1
34,3.751952600479126,0.22540554207954147,0.23825302124023437,0.03853983030342967,False,10,35,2,0.001,0.1,True,"{'warm_start': False, 'min_samples_leaf': 10, 'max_leaf_nodes': 35, 'max_depth': 2, 'learning_rate': 0.001, 'l2_regularization': 0.1, 'early_stopping': True}",0.5310625,0.531,0.531,0.531,0.531,0.5310125000000001,2.4999999999986147e-05,32
35,5.0276453495025635,0.26320021562609935,0.33457012176513673,0.02748768443778967,True,25,25,8,0.1,0.4,False,"{'warm_start': True, 'min_samples_leaf': 25, 'max_leaf_nodes': 25, 'max_depth': 8, 'learning_rate': 0.1, 'l2_regularization': 0.4, 'early_stopping': False}",0.746625,0.7525625,0.750625,0.7453125,0.749875,0.7489999999999999,0.0026584182327090596,8
36,3.056031608581543,0.1934898092903207,0.16066546440124513,0.02576094744724,True,25,20,1,0.001,0.3,True,"{'warm_start': True, 'min_samples_leaf': 25, 'max_leaf_nodes': 20, 'max_depth': 1, 'learning_rate': 0.001, 'l2_regularization': 0.3, 'early_stopping': True}",0.5310625,0.531,0.531,0.531,0.531,0.5310125000000001,2.4999999999986147e-05,32
37,3.697215127944946,0.27631669196521735,0.252535343170166,0.03123378287795476,True,15,45,2,0.002,0.5,False,"{'warm_start': True, 'min_samples_leaf': 15, 'max_leaf_nodes': 45, 'max_depth': 2, 'learning_rate': 0.002, 'l2_regularization': 0.5, 'early_stopping': False}",0.5310625,0.531,0.531,0.531,0.531,0.5310125000000001,2.4999999999986147e-05,32
38,5.946608304977417,0.3569867109411302,0.4085501194000244,0.015022348442936075,True,20,20,8,0.0002,0.4,False,"{'warm_start': True, 'min_samples_leaf': 20, 'max_leaf_nodes': 20, 'max_depth': 8, 'learning_rate': 0.0002, 'l2_regularization': 0.4, 'early_stopping': False}",0.5310625,0.531,0.531,0.531,0.531,0.5310125000000001,2.4999999999986147e-05,32
39,4.478420543670654,0.22610028639040064,0.2868015766143799,0.030999992087868373,True,15,20,6,0.5,0.1,True,"{'warm_start': True, 'min_samples_leaf': 15, 'max_leaf_nodes': 20, 'max_depth': 6, 'learning_rate': 0.5, 'l2_regularization': 0.1, 'early_stopping': True}",0.77175,0.7751875,0.775875,0.7703125,0.771125,0.7728499999999999,0.002246733740343983,4
40,4.271715259552002,0.10913293513312075,0.28487091064453124,0.035440806075073085,True,10,25,3,0.005,0.1,True,"{'warm_start': True, 'min_samples_leaf': 10, 'max_leaf_nodes': 25, 'max_depth': 3, 'learning_rate': 0.005, 'l2_regularization': 0.1, 'early_stopping': True}",0.6691875,0.668625,0.6730625,0.667,0.669625,0.6695,0.00199099535408799,26
41,3.640087366104126,0.22519016527314853,0.22460618019104003,0.027541325323562627,True,10,30,2,0.0001,0.1,False,"{'warm_start': True, 'min_samples_leaf': 10, 'max_leaf_nodes': 30, 'max_depth': 2, 'learning_rate': 0.0001, 'l2_regularization': 0.1, 'early_stopping': False}",0.5310625,0.531,0.531,0.531,0.531,0.5310125000000001,2.4999999999986147e-05,32
42,3.080528736114502,0.1892993918738401,0.16145100593566894,0.02973372891872312,False,15,20,1,0.005,0.0,True,"{'warm_start': False, 'min_samples_leaf': 15, 'max_leaf_nodes': 20, 'max_depth': 1, 'learning_rate': 0.005, 'l2_regularization': 0.0, 'early_stopping': True}",0.5680625,0.5774375,0.571,0.5715625,0.572,0.5720125,0.003041740866674886,30
43,3.656659984588623,0.15931195537214005,0.23953404426574706,0.03834079630576555,False,10,25,2,0.01,0.3,False,"{'warm_start': False, 'min_samples_leaf': 10, 'max_leaf_nodes': 25, 'max_depth': 2, 'learning_rate': 0.01, 'l2_regularization': 0.3, 'early_stopping': False}",0.6858125,0.67425,0.68,0.6839375,0.6796875,0.6807375,0.003993236469331613,21
44,5.586734485626221,0.278118007468786,0.3565195083618164,0.03557412240041023,True,30,35,10,0.1,0.5,False,"{'warm_start': True, 'min_samples_leaf': 30, 'max_leaf_nodes': 35, 'max_depth': 10, 'learning_rate': 0.1, 'l2_regularization': 0.5, 'early_stopping': False}",0.7601875,0.76525,0.762,0.758875,0.761375,0.7615375,0.0021416990918427374,5
45,4.974785280227661,0.2871715613554785,0.3212006092071533,0.027447069379015983,False,20,45,4,0.02,0.0,False,"{'warm_start': False, 'min_samples_leaf': 20, 'max_leaf_nodes': 45, 'max_depth': 4, 'learning_rate': 0.02, 'l2_regularization': 0.0, 'early_stopping': False}",0.7096875,0.7141875,0.7124375,0.7119375,0.712375,0.712125,0.0014415703243338303,19
46,4.748077774047852,0.28522432509389994,0.3550910472869873,0.04256880792591296,True,25,20,5,0.1,0.4,True,"{'warm_start': True, 'min_samples_leaf': 25, 'max_leaf_nodes': 20, 'max_depth': 5, 'learning_rate': 0.1, 'l2_regularization': 0.4, 'early_stopping': True}",0.7349375,0.7386875,0.7390625,0.7355625,0.7379375,0.7372375000000001,0.0016744402049640292,12
47,2.86944694519043,0.18113016756920167,0.1757878303527832,0.028098125597670123,True,30,25,1,0.2,0.3,False,"{'warm_start': True, 'min_samples_leaf': 30, 'max_leaf_nodes': 25, 'max_depth': 1, 'learning_rate': 0.2, 'l2_regularization': 0.3, 'early_stopping': False}",0.678375,0.6785,0.68075,0.6771875,0.6790625,0.6787750000000001,0.001160953272100109,22
48,6.8317773818969725,0.2635985459685662,0.4562072277069092,0.03129552181072715,True,10,30,9,0.01,0.0,False,"{'warm_start': True, 'min_samples_leaf': 10, 'max_leaf_nodes': 30, 'max_depth': 9, 'learning_rate': 0.01, 'l2_regularization': 0.0, 'early_stopping': False}",0.71375,0.7184375,0.71775,0.7144375,0.7174375,0.7163625,0.001892996962490955,17
49,4.310333204269409,0.1540511965348263,0.2977097511291504,0.034501463169316564,True,25,45,3,0.001,0.2,True,"{'warm_start': True, 'min_samples_leaf': 25, 'max_leaf_nodes': 45, 'max_depth': 3, 'learning_rate': 0.001, 'l2_regularization': 0.2, 'early_stopping': True}",0.5310625,0.531,0.531,0.531,0.531,0.5310125000000001,2.4999999999986147e-05,32
